-- phpMyAdmin SQL Dump
-- version 5.1.1
-- https://www.phpmyadmin.net/
--
-- Host: 127.0.0.1
-- Generation Time: Mar 10, 2022 at 08:35 PM
-- Server version: 10.4.22-MariaDB
-- PHP Version: 7.4.27

SET SQL_MODE = "NO_AUTO_VALUE_ON_ZERO";
START TRANSACTION;
SET time_zone = "+00:00";


/*!40101 SET @OLD_CHARACTER_SET_CLIENT=@@CHARACTER_SET_CLIENT */;
/*!40101 SET @OLD_CHARACTER_SET_RESULTS=@@CHARACTER_SET_RESULTS */;
/*!40101 SET @OLD_COLLATION_CONNECTION=@@COLLATION_CONNECTION */;
/*!40101 SET NAMES utf8mb4 */;

--
-- Database: `webwinkel`
--

-- --------------------------------------------------------

--
-- Table structure for table `afbeelding`
--

CREATE TABLE `afbeelding` (
  `image_id` tinyint(3) NOT NULL,
  `image_type` varchar(25) NOT NULL,
  `image` longblob NOT NULL,
  `image_size` varchar(25) NOT NULL,
  `image_ctgy` varchar(25) NOT NULL,
  `image_name` varchar(50) NOT NULL
) ENGINE=InnoDB DEFAULT CHARSET=latin1;

--
-- Dumping data for table `afbeelding`
--

INSERT INTO `afbeelding` (`image_id`, `image_type`, `image`, `image_size`, `image_ctgy`, `image_name`) VALUES
(1, 'image/jpeg', 0xffd8ffe000104a46494600010100000100010000ffdb008400090607080706090807080a0a090b0d160f0d0c0c0d1b14151016201d2222201d1f1f2428342c242631271f1f2d3d2d3135373a3a3a232b3f443f384334393a37010a0a0a0d0c0d1a0f0f1a37251f253737373737373737373737373737373737373737373737373737373737373737373737373737373737373737373737373737ffc000110800b400b403012200021101031101ffc4001c0001000105010100000000000000000000000503040607080201ffc40054100001030203040407070d0e070000000001000203041105122106133141072251611432718191b1b215367374a1c1d117234252626472829293b3c2f0162425263334535463838494c3f1354555a2d2d3e1ffc4001a010100030101010000000000000000000000010203040506ffc400221101000202030100020301000000000000000102031112213113044114226105ffda000c03010002110311003f00de28888088880bc4b2b218dd24ae0c8d8d2e739c6c1a0732bdac07a59ae99b87d2e194f622a1c64a867f491b6c033f19ee60f25d05be25b7b515f56da5c022932480ba22c8b79513b47d93587aac65fecdfa777056eea6da599dbc9c318d70d4d56292b9ff009110ca3d2b22c0f078b03c3b70007d4c843eaa73e34b25b9f70e00700005e6b24e28314a8c3f106925c70a2ee65e2a5feb9145d43712889246086df79cc7d72ac8eba4b5c281ab96d20246600825a5c4070ecb8d5046cb555ecbde1c10ff008193ff006ab29313ad69fe6d837f92907faaa567c4a8b5be0d4dfe61ea3311c7b0aa3a69279701a721bc84efd4f620c62a76f6b22a99236e1f8639ad71199b1cadbdbfbc54bf77b524dcd0c4d3fd9cd337f5d50c6b68301adc3e5828366e0a39dd6c9335e6ecd563d1cd035b10929f3e52731cd6cc3920cb99d215633f9335acfc0af947ac953f8274ab89c12b5b1d7cc7ee2b6d2c67bafa387956afa67c51d4c724accf1875cb7b957c5aa29ea2b1d2d1c5ba8ec058e973dbdc83aa762f6d69368c1a795829b1063339843b33646f0cd1bb98ed1c47a1658b90b64b19aca2aa8a5a5908a8a5904f08ed23c66fe30b83db75d678656c788e1d4b5d0ff275113656f91c2ff3a0ba44440444404444044440444405aff6c236cbb658731e2edbd28b79662efd41e85b01603b59a6da61df874bedca827aa64e2a1ab24b02afea5f60a0eba5ea9411d5d2ea54643554d132ac548b97c59584461c41d78762a95d36a541d54a35412b262b82b6573df47d5b36cd11680b49efe632dfceb16da0c67000fa3a6a884656e77cadf07e59c16df5d4d811f473f95330582623511d662ef9257b8439c34968b90d1a68827a1c53673252e6a26c72b2c1ee7419868c3a917d7ac7e40b17ac31bea657538b44e7b8b05ad66df4d14ee1bb3d4b5b8d9a49715a7a4a40c126fe770b96dec4000daf7be975ee7c0f0a8f0cabab662b9a486b4c0c8faa73c79ad9f8f66aa26620633aa58f053ecc1f0d32303b188dac2d26e40b9b3ac2daf31aeabd52e13834adb4d8db6290175c18ee32875b8f6e5d6ca4476004b717a4b7395a3d242eade8e8ff0012b08683a321c83f1496fccb94f06006394a01b813b003dbd60baa7a35f797877965fd2bd06508888088880888808888088880b5fed71fe39e1ff874deb996c05ad76aea33edd534796c229a95b7bf1bb6677ce83211201989ede6aceb2ec89b23e301aeb869238f991cfeabbcaac6b9ee7d1b5ce24b8caed49d780578856654a56091a1e7c1d8d778864706e6f27d2a32aded8657c52c6d6bda6c5a40551f13ea5a2599ed8e08da19bc70e5d8d1f64752ac2b277cf2d43a08cee9cc634dc5cb5a2c1b73cb80d55e214da9cc5d34351e0b0c6e7c713a43c3aad0353fb7158e52c4da98a495ada5647196873e673582e780f90fa14fd651d6c754ca0829a42d6433493bda347c9ba786b7bc36f6f29bf6118cc4594585f82d561cf925755192f312d8f46e5e5a922e74e02eafa566556630c2e0dfdeafd2f788b5c3fdd52de53937ddc77edca179aca285f4d4d59470ba36cf9daf873178639a4703c6c41075e1af72b46d33def6c618ecee3668b6a4f056d42bb5fde2d3eb2db1e1d41afed742f89a6ce898d3d8580155f795621111a304bc6e4b8925c741603e420f72b3ada5a87cb2d44f139849bb8b8df53d9758d2f333da393117d86d78b003f7d3387942e9fe8ddae66c661c1c2c7eba7cc65791f22e609b4dadff0010cf585d49d1ff00bcfc33e0dded39673eba63c642888a12222202222022220222202d59b56ecbb7ad3f7cd2fe8e55b4d6a9db036dbabfdf34bfa29504c35f789c7bfe65635529316eb9071777eaaef0d736476edee735af903496ea45ecbecf4cd34d50eb4c248892d71759ae01d97fdf9adab1d32b4a1aa2ae37b6312d2c2fdd33236ef70d3c80f9ca8ba991ae73f76046c75aec6b8916f3f1d7552350250e2d05e48e394deca2f119268e96570de58f56fd856d5a319bb1c150595b254c6184b9af600efb52d2d3f215ea9aa9aca414b53047534ed79918d73cb5cc71e243876d85c1d340bd07bede3bbd2be87c86d67bae741aad7e70cfe8a82b592be26c8373044dcb1c50f066b73c75249d49e6aa89289d23647ddce61161c03addab28c1b6365a88593e255af81af1711b3577ff00154c5f631f0c065c32b9f2e517746fd0dbbbb5705bf33f1a6fc397f8dfe5978f2e3d311931299c080d8c71ca6fe28eef5793454e5ae74913e21146d6b85806b89cb737361db7e7c954066cd6de3b4d38aaf1364e25c74ef5d75fc5c71dc439a7235dd67bee772b54b7d61751747fef3b0cf8377b45730e24d2ddb695ae373e14dd7ce174f747def3b0cf8377b4571dbd97a15f2191222284888880888808888088880b526db9cbb703e354dfa1916db3c16a3e9123dced843266bef2681f6ecb452b7e6417b873b3324eb6521d707becbdcc23ddb986bc64bdf2e53627c8ad3049beb729df362398f59c2fc82bb9a769690eada5008d5bbb7587c8ba291d39af3da26a9ef6c84091c41d03b5198725078a5448f7b62ceeb5ae45f4375914d5018c701534cf03ec729eb6962751a68b1dacad3584e7315b35c65b0d35d3e55d3461695806e8b21d979b0c867885552b4cf7d2591c4806fc8700a19a19f6c3d2aab437421cd04703756c95e549aed956fc6625b32a209ebebdd0d390d03573dc74039292c3307f07707d5ccc7e9e2b7b6fa1bf91619876d047919e14e2c958dca25638758778526dda3a22c6b7c25c0b2fd9d65f3583fe670bcfd2bb9dfaf6aff9b5b5222275099c6b66f0dc46191cd64114d96d1ccdd0b48e440e2b0ec5367e4c2e4b6764903ae192379e9cc725210e370f59d2b9a5c7ac199b40550a9ac6d5432efaaa2731a733434b5b63974d0ea7b17b98f9d3df1e6e5f9dbcf5a47143fc799be363d6174ef47bef370bf833ed15cc3899bedbca7efc1eb0ba77a3cf79985fc19f68ae69f5d95f2191a22284888880888808888088880b52749eecbb514c7b1d07b332db456a1e954db69223f027fed95056d948e5aca79a18981ee74ba0d3ed429a9367ebdda1a569f3b546f46aed66783a87b871fb90bed16213e6a18ed3ef1d51193d5770b9bdfb08e7c8e8ba31ee618dabdaa556ced688dccdc42d79d2d9d82de9564365ab88d62a7f26f19f4ad893d3324767dd8766249200bdd507d335a2fe0ad173a68a919ad09f8d582b365eb0718299bfdeb17b66cc4ed3ad3d39efde467e759ec3431ba306489ad773160bdfb9f4ff0068dfc909f6b1f1ab0766cdbc124d3535cfdd47f4ab88b002d06f4b4b7edbb2feb5987b9f4ffd1b7d0870fa7fe8dbf92abf494fcaac5bf73b2900b28202d3adc6454a5d9f9e188bdd45106305cd98c2400b2d749e094d2b616662c6b8b5a080a2e9abe5a9d9c73e7767798de3797f1c6baa739271c39a717b9dbca9d6ff00bffb3ee82e9be8f3de6617f067da2b98f13f7f553f1efd70ba73a3cf79985fc19f68aa3486468888088880888808888088880b4ef4b46db42c3f730faa55b89699e980db1e6fe043ea9507bd829648e9279e1172d9adaf0f142ca598a57194ba314fbd75858dee7e55886c0d435b84d48709083517ea01f6a3b5665474305552b9f1be16dcd8ef1c6e7b952d96b4ea568a4ca8bb1cc4d8c702d8cc84d9ad6b096db9eb9955871ac49ac0faa1030385d8c6b1d99de62741dfea56b1574713f2c663206849e3f22ba81ce91fd5a88e4793d5cb622fe4e4a6978c9dd51689afaf91e3b5ee73b346c3d5eab446e041ec24bacbec38e624f37f06696db4c80dfdab5954aaa5904ce86694193bc696e2a9ba2740deb1234cadb9b0034b9b29b6e15af6f671aaa274b01c0de23a1ecf1b555ce235c1b72f8c1b5ec227126fc071e2ad5f5c6186474994b18e0d680e199e0f0234edd55d19a530c6fca417017681a9f2aa738debf69d3e09713905c6e0df8bb766d7e7cd593a7c4277182563032f67e58c822fe7528c96bdf4ce14d0ef0e6cad7120069e765520354cca6a294c6e328d4bef723b0f3571ccb8bb047b7b56c1c1b5e470b7d9ae9be8f3de6615f047da2b9ab1fbfd51b10b9bff00093b5fc75d2dd1efbccc2be07f58a919122220222202222022220222202d2bd333ad8e8f8387fd55ba9692e9b5d971bfee213f2c8823f62aa5b161350e9240c609f524d878a148336869a06ba1969e9e720eaf350cd7ac0f03dc2de750db190785e07301264732a8b8388b8f1798f3a91382d53f37efc841711af8281c0dfb570e5e3ca772ebc73311d42ae1b883261904f16f1ce71113240e701e655a4c5c42e029f1386191af05dd606e071079854e9b0491b34324f531c8d89c5e03610c25d6b6a6ea97ee7e569b45571e4be99a9c136ec279a61bd715b7593244de3b8483b685b56e2eacafa524f26c82c3b752afe1af9446d1bf7783f1203aed2de7e62163afd959266e5359181a78905be75311e16c6e19e005ce31ee7759b9f0e29972f3b44c4ab8f1718d2edf8d60bee6cd078746e73aa03e163ad78c0371af76abeb6ae505c6295d949241048b8e20feddaa0ddb3d52e05afaba7769604d28d07a54b4342d8e8db4a092d6c7bbbdf522d659ded1ec4f69a53491876930b7e10fa3acc51b15499848d91bd622c458e9cf45795db5f86cd4d4d061f5ed9aa5920eb4c05dda1d7cab0b76cccce66edd59110000d269f516e1a83d8beb766a632074b550969702e0da7009d6fc6fa705b4668e3adabf3fedbd357e2323a7dbcaa924f1df5e49b0b6b9d74e747bef3309f80f9cae61aaf7f13fc78fb6ba7ba3ef799847c00f595d71e309f591222294088880888808888088880b4774e46d8c9f8bc3eb916f15a2ba7836c5dc7ef687da910597474f0702a8efa93ec8594345f5b2c37a3a947b8b51d9e127d4167f361b4de0d1c86b25636424372650ed38af2f3ceaf3b7556f14ac6de9b4f4868379bd06a6ff00c973be6ececb6b754b2b035ae0e26437b82dd0761bf35175b87d3cb3b9924f512c42d66ba42d1c3bac55ec2e8da6189d98191ed8d9940e7cb5549b44c6dad637e2b492451c6d75cb9d6eb31ac24837d00edf2afb14ac9475239800d07ebb1e4eb7303b6ddabd55d3c547593c46e2a5994c9c350786be70bcd3fd7e68e26717b80f277a6f7e27531eab3c303886b8b9bc9c5b6f9178a8969e9cb8c8f7ee5a7593744f56fc6c3d4af0d140081e124924681a3e9560e71638b5dc5a6c477a8ade27c469e696ae96af36e0bfaa783e3730db91d7b95c802e35e6987c6dac6d4f5f2b6985de34e07b3e55e6a9be095eea473839ec6873addeb79c178af398e98467a4db84345d55bf7735207f5e77b6ba8360865d8dc1c0feaad2b9766d76de73f7f1f6d7526c38b6c860ff00148fd4bd08f184fa9d444528111101111011110111101689e9f34c51eeeca683da916f63c1687e9fc7f084bf1683db91041f46c4fb8331b71a824fa02cb68aaaae26ee6be824aaa52e3231a1e637349ec3d8798f3ad45816d4d560b4aea68618a4617e7bbef7ba96674918a3058410f98b971e4c16b5e65accd2d5889fd3644264ddb77ad21d6b10bd48243253bfc18ced8de5f909734136d351aad69f545c40925d494e49e649551bd25626d166d2c007607159ff001aedab9ab58d4366cf3cf575f355c945b87ca0090b5cf7071b8d4e6e1c3ceae70da87d2d6c353ba7bb74eb90d6dfb47ceb55fd52b1475f352c2477b9cbeb7a4ac4587a945037c8f72b7c3272d939ab31db77331da06549a96619289cfd964f50be85404d23a69def0c702f79701975d4ad63f54ec500fe6b0fe5b97c3d266205c1cea284b87039dd7537c37b4695ae4a5676d805f5d4f515dbbc2e3aa8ea1ad0d7c8eb18ec3523f6e4156a792aea3139aaa7c3db46c7b5a1b1466e0596bcfaa8e247c6a284fe3b97d1d28d7eb9a86237fed5cb59facd38e994571c5b96d04d19b6da5efad3ed2ea7d8b16d92c1c7de717b2172960b50eadda886a5ed0d74b3ef081c0126ebabf6385b65308f89c5ec85bc78ce530888a4111101111011110111101693e9ee8deeac86403ab5149607ee98fbdbd0f3e85bb1637b77b2f16d4e12da6de086aa07ef69a622e1afb11670e6d209050720db552786613e1f117efdb19cc406917bdbce3b54bed26c9e2186e21253cd4b24151a930104dc7db30fd937bc79d6392d25445712c4f6907810507dc429852549883c3c65043ad6bdc5d5c60d0c325539f531ef638a27cbbbbdb3e51a027b15898df7d5aef42ab493cb4933658bc61a1045c11cc1ee28245d8db3ec708c2c0e43724dbe55e3dd969ff9561bf983f4aa9eead05bad815293cc891e3e74f7570eff00a1537e764fa507873a1c4696aa4f05869e581a1e0c2080e17b5885127452b598bb64a47d2d1d0c14714841977772e7db8024f2e6a288ba090a2c31b574bbd6d544d933e4dd16b89f2e82cac65618e4746e1d6638b4dbb42a914d51102c8a49180f26922eab5261f5352e3963706f12e23403ca82f76558ef7477ed693b9639fa0e60683d365d758153ba9305a0a67f8d15346c3e50d0168fe88f625d8954455d344e187c3236474ae040a97b4ddad6f6b6e01279d80e0b7fa022220222202222022220222202f842220b4c470ba1c520dc6234b0d4c57be59581c01ed1d87bd6278b747d83b999a19ab6004f8ad983c01d9d70e444180ed0ecdd161af7359f5fb739a084fa98160d53590c5506318661ce1df4ff0042220f22ae9dc05f0ac3ff003447cebdefa8adff0006c3bf36effc97d4414df574cc366e0f8679e027e756c7156b5c4330bc31b6eca51f3a220cd364308831c91826229f35b5a7821047a5856d2c3ba38d9d6b6396b609b107000daae5cccb83c720b37e4444198450c70c4d8a163591b059ad680001dc02a88880888808888088883fffd9, 'width=\"180\" height=\"180\"', '', 'download.jpg'),
(2, 'image/jpeg', 0xffd8ffe000104a46494600010100000100010000ffdb008400090607080706090807080a0a090b0d160f0d0c0c0d1b14151016201d2222201d1f1f2428342c242631271f1f2d3d2d3135373a3a3a232b3f443f384334393a37010a0a0a0d0c0d1a0f0f1a37251f253737373737373737373737373737373737373737373737373737373737373737373737373737373737373737373737373737ffc000110800b400b403012200021101031101ffc4001c0001000203010101000000000000000000000406030507080201ffc400511000010302040106050c0e09050000000001000203041105061221310713415161b2142271a1b1232632647273748191b4c1d10815162435425253637592a2b3c2253436456283e1f0f2435465a3c3ffc4001a010100030101010000000000000000000000010203040506ffc40025110100020201030305010000000000000000010203111204213113224114235161a171ffda000c03010002110311003f00ee28888088880888831cf2b2085f2caf0c8d80b9ce3c001c4aa24dca6b0bde28f2fe252460d9b2d418e9daf1d635bae079402b2f2972beb228f0664f34513c09a7313834bdb721ad26c76b8248e9b0dedb1e73f72d86c43d83dde590fd1641799394aaafc5c370b87e118d45e8682a154729b5b1824d5e598bfcfa898feec63d2a9cec0f0e8f852b49ed7bcfa5cb5b89e1b687ef0a7a112877fd781a411f220b654f2b73b49d58ee18cec870ba83df216a67e576a9ce2d6637883bb60c2e168fde7dd55268f13818099a962ec86203f954292b6b63b8756cce3d8eb20b749ca362f502f154e639afd2c8d91f7415aba8cdf8f4ee376e3fa7ae6c40b079d96556a89e59379257bfdd3aea1bdc7ad058aab19c4a7b99a19de071d555ce91f22fb645518653c38cd3d5bdb5cc95c237b1dbc5233492db8e3b385fe31bf135ca1796e214e41e32341ed04d885bda2b9c9b497e9ada9ee4083d5f492f3f490cdf9c8daff945d6650703df04c3efff006d1f7429c808888088880888808888088880888839f67736cc07e0d1f79eab32b958b3f3b4e3c3b6999de7aaac9220c13b962a3a17e2552608e58a3769bde47581dc0b79775f933d409a5736e58e2d3d86c83ef12c09da19ced6c715ed7d4c36df41d8f03b3c58f02411d44d3b1282281b03e39dd2f3cce72c62d3a4751dcef707e407a54dc55f77341dec365a594f5208f2151de56694db8eca3bb7240dc817b041f743bd7d37beb7d2ac14efe6f26e1db5f555d57762fa957e8416e254ed7020899a0822c46eb7ec1eb4308f84551f333ea41ea9c15ba706a06f553463f7429aa3e1cdd187d337aa260f305210111101111011110111101111011110733e51dfa3303075d2b3bcf5517cb7564e545fa731c43da8cef3d539d220fa95ea0543f62b348f506a24b34f6a0d2e24fbcb6bf42d639dba9d5b50fd52303bc5739ae22c38b41b7a4ad7c8f24589b8b93f1941b7a6ccadc3e5a47d161346df0785f1912faaf38e79692f371c7c5dba86ca051e61aaa1a2869238a17b21d5a1cfd571ab55f81ff115ae79581c9a12619dd558d32a240d6be5a90f7060b004bafb05be68f5a3828fca9aa7e855ca0fc214defadf4ab543117e55cbf6b5b9e9effb6020f554034c318ea681e65f6bf1a2cd03b17ea0222202222022220222202222022220e45cac3ad99a11ed46779ea99a95bb95c36cd308f69b3bcf54d7ec9a1f8f728f530388179236b4c7ce17926cd17b6f617bdf6b00564715fb2b5d2d3886305d23a0f15a372eb484900749b6f6ec415aa981ada899b3d4c30861f64ed4e0e045c11a41dad63e42a34d4ad86290d44c592b647c6d8dacd5a8b6d7defb0b9b7c456cea4543ab018994d57ccc4d673533daf6b6c003b1236d40ee36b1bf4a8b3b9cef0a2f929a4a3bce637bdd199355dda6c7d9dcbb49ea2093c0a0d33cac2e591c57c3585ef0d0a62363ef0ffc214defadf4abde0541538960197a9a8a3124b79e4d25ed6ec25b717103ab6546a66866254e07448df4857acbf55250e1395aa20640f943a76b44f1738cf1a522f6db8711621263443d3104ad9e08e68efa2468736fd442c8b0d1d3b292921a68fd8431b636edd00582cca0111101111011110111101111011110719e57cfaeb8be06cef3d55a567a9b5c3a42b472c07d7645f026779eb5125239b0303870682b6c55e5b6792dc74d239a6cb14b50c8e10c7d2c5269e970df8f4f5adb494a4b4b9a36e9ec5abaea722376dd0afe8ca3d58682a31184927ed752dcf439b76f96ca7e58c3ce66c4a5a08db4d42d14cf9249590ea3a45bb6e77b74fa16b24a4739e5ad1bab9f2534ad8b3055b7773a4a0919f2b9aad5c1dfbf8659b371c7335f2e7b8ae1f5186574d4754dd32c6eb1b7023a08ec2bf28220e123dc6d6d82e9399f05663348258a3d557034e8eb7b7a5be5e91feaa8f4747ea5368048db6e95bfd37a797f4ca9d4fab8b7f3f2d5319a31684120faa3782b9e18dfe86caadfd2c9fc72aa9574afa4c7a0864043b5447716e363f4ab6e19f833298eb95ff382b83247be5db49dd61e9e4445458444404444044440444404444044441c5b962fed647f026779ea6cb40f99ac92db168e03b16bf96575b3647f016779eba6e1f85c0ea3a72e3c636f4762e9e9f2569bdb8fabade78f173e8e84c6f176023a411c42f96e57f0bc4045b8a52dd664ea6f5797a3ceba3498251b8f1dfcab054d1c94cd8e28a2bc4e3b96f06f52eaf5e93da1e764ae6ac4ce94fccb8052c981ba0869a288c0c3243a182e2dc45f89b807e3dd57320d37318dcd20d88a677a5aba5d640e940d1139cd0349005f654fcb9864f4b89d6b1f13da59ea62edb5f7e3e65be39acd676e3e778acd516a59e09894f183a4364258e1d0388f3594ea1c1285df7e9a2879e73f53de1a74bcf581c16c314c24546210e9d45f346d25a0756c7d015970fa374108a66c76858ddbcbd254e5cd5e113f2b63adf969e74e500df94890d88f1e9f88b7e2314fc2ff00a8651f7e7fce4ac5ca9c621e552a1837b3e9bb8c5930b3f78651f7e7fce4af1ef3bb4cbe8b0c4c63aeff000f4fa222a35111101111011110111101111011110710e5a0faed887b459de7ab1b736bc52c31c6eb06c6d1e6559e5a8db38443da31f7deab8dae218d17e80ba7a69aee76e5ea71cde234bf1cd524726b7484806e563c53942a97d3014e440ebdae0827ceb9e54579dfc65aaadad3e28bf1baedde399dcc3923a798f12ee796732c98ad389e29ed2464366889d81ebf2156c338a880131b5c48dd842f3665dcc726115cc943af19f15edbf10bb060b9923920d51383da77009dc2adf0c64ef4725ed93a6b6ad3ed95c18da4a58e3a895a222c2401d57dd47abc4619246ba983a4907b1e80147a7afa7c4692465680633d04a873cd49458707e1ef328274991c6e5655c5eed5b7bfe193a8fb7f6e635fd70fe552412f2a73c81a5b7752dda7a3d4d8bf70b3fd1b93cfe95df392a0e7e99d3f28724afe25f4fdc6a99869b613940f548ef9c15c792bc6d30f6f05a6d8ab69f9887a9111151a88888088880888808888088880888838572da6d9ca21ed08fbf22879272c51e61a2aaa9afada8a48e19445ae36b4b45c5fc6bf0f2a91cb8bad9d22fd5f177e45a4ca39b316c0e9eae9309a7a59db3112c8d9c5f859bb6e074ab5674898db067cc162cbb8a434b4d34f345353899af9da1ae37738701c078ab6d95b2051e60c028713a9ae9217d43e460606920e990b3a1a7a95673ae61c433062cd9f158a18aa218843a6206d6b97759dfc6560caf9c713c1b01a1a083016d5b2073dd1cc6ab45f5bcbf85bb7affd34ae4d296af6eca063117806255f46d75c534f2440f5e97117f32ed54797b0582918fa689e031dcd902796ed26f6def63c0edd1b2e1f8ccf2d562b5d3cd1f372cd3c923e3d57d05ce248bf65d7408735494b13aace175dcc497a800cecd0d077bf9fcab4a65d4f79d30ea715af5d44246158cbb1ca8c3b02755cb09c4251099186ee6823723fdf4ae8984e508b0cc2eaa3a3c5e4a8a789a5bccc8c6f88f66dc4006e6c773f12f3f651c426c333261d5f4f4de152d2ca241099346bd20eda8f05d668f950a9749242fca3e0b1d5cd6a9a8f0dd4597235388d1d00dedb79d2dd45ad78b6d5fa4c75c56a447e5cdb3b02dcf8f0ee3ae0bfecb54fa236c17299ea91ff00382a3f28b66f29352c02dcdcb034f97432fe7592036cbd95cf54927f18ac734f2c969fdb6e9a35869fe43d54888b36e222202222022220222202222022220f3ff2eefd39da11ff008f8bbf22e6f24970ba0f2fced39e69ff005745fc4917e725d4580d4e17894f8d50d3d47346d24930d4e635c2cd0d07b6e491bdc8b2bd29379d42b7b456372e704df82c126b326c4edc16fbed41a9c764c3b0c2266baa9f153bcdece687101c7b2c2e4f957d6294f86b9d0c784c13e98839b2d44cfdea4df67867e20b74755afbdee8a4ece50ae18dddabf0f381ba753b4f55f65d1a8729e133e5176232ba715c29a79035b300dd4dd5a7c5d1d83a7e45a9ca180c58a634d86a3980d6b0bc367f62ee1b76ab571f29d42b7c9148dca957734dc6c7b17d3aa2675c3e69083c6ef2ad9ca0e050e0f8d3a3a511f34f66b023166f51dba37076ecbf4a955993307a29f0fa6a9c62a44d574d04cf2da6168f9dd8586af1ac78f0db7df828b526b3a4d2f178dc34b98f138b18cd4cc46071709fc1dcfb822cf0c6078f89c08f896c4bc332b65b71e89261ff00b554a90fdf70fbe37d2ac957216e4ec108fc575477aea933b9dad588ac6a1eb81c02fd5f319bc6d3d817d2848888808888088880888808888088883cedf6417f6e69bf56c7fc49573b86ae6a76b9b13dcd0ee20122ff00eee5745fb20c7af8a6fd5b1ff1245cde0103b58a82e6f8be2b81e07c9637f26de5531331de0d6d9a9314a9a2a864f4d23a39597d2f638822e2de82a37db2947fc8a8ce76cb15d394a350dd4799f148a97c163aa95b4fa5cde6c3f6b1bdc70e9b958a8b1faba2aa8ea29dee64919b821df5a851c11ba86598cad1235d60cbee46df5f99465317b478944d627b4c369896395589d5495356f73e57f124fd416ca5ceb5f34f4534d0d3c9251c6c8e273e21c19ec6fd76b5f7558531948c761afab1378cc7e931e9f26f7bf6a89b4cf94c5622350c349fd6a1f7c6fa5582acdf26e13d8fa8f48fad6828b7ac807e91be95bda824e4dc3b8584b51d3ee3eb5097ae68ddae92077e546d3e659944c21dab09a2775d3c67f742968088880888808888088880888808888381fd907874df75187d68b7353d1734db9b78cc7b89f33c2e50fa697a0c67fcc6fd6bd43caae5a398f2b49cc349ada27784d3e96ea2e201d4d03a6e2fb75d979f7c0f0aaa89af8f1aa46170be99992348fdd282b6ea59ff00377f210b1f82547e69cb7b265f8a43ea78ee0847f8aa5c3d2d58fee5a571b478be08f3d431060f4d90694d34e38c4ef917cf332fe6dffb256fbee3719e307814bd463af84ff32fb1933339f6144e77b8a98dde8720ae98de3f11df22fc2c70e2d3f22b19c9d9b1bfdd55cef71e37a0af86e5bcccc75a4c1718f8a96477a020d361cc71ae8363b3c13d816eea016e4fa26bc10e6d454820f107d4d65932f63af81cdfb4f8b6a3d1e052efd9ec57ee3724cdc1e1a2ac68656405ee99b6dee740049bfb2b337eddf7ba0f566082d83500eaa68fba14d51b0d6e8c3e959f930b079829280888808888088880888808888088880b415b9332c574ef9eaf00c3a49a4377bcd3b439c7ac90372888204bc9a64c97d965fa51ee0b9be82a2c9c92e4893fb98b3dc554c3f9d110469391ac92fe187d433dcd549f492a2c9c8864f703a4620cf73503e9051106bea3916cbb4e1ce8310c663ec6cf18ff00e6b475b9028e881306338d8b7b69a3d0d444152c5e1acc3b50831bc5cdbf2ab1df4597ef26d8052667cd11d3e2cf9e48f5738f01fbcb637b38904907a7a7b51107a89bc02fd4440444404444044441ffd9, 'width=\"180\" height=\"180\"', '', 'download (1).jpg'),
(3, 'image/jpeg', 0xffd8ffe000104a46494600010100000100010000ffdb008400090607080706090807080a0a090b0d160f0d0c0c0d1b14151016201d2222201d1f1f2428342c242631271f1f2d3d2d3135373a3a3a232b3f443f384334393a37010a0a0a0d0c0d1a0f0f1a37251f253737373737373737373737373737373737373737373737373737373737373737373737373737373737373737373737373737ffc000110800b400b403011100021101031101ffc4001c0001000105010100000000000000000000000502030406070801ffc400571000010302040106070a080b050901000001000203041105061221310713415161711422328191a1d115354252627375b1b2b323537292b4c1c2d32433345482839394a2d2f0172637437436454655566365a3c316ffc4001a010100030101010000000000000000000000010203040506ffc40031110002020102030605040301010000000000010211032131041251131422324161055291b1f0337181a115c1d142e1ffda000c03010002110311003f00ee2802008020080f8e706824902dbee80d2ebf3b1a99258f036406088da5c46a9da616fe4ee2fd86e2fd175750f591472f4446c98cc45a5f5989e335eee9651b053b3cc5c580ab69e888a7eacb6ecc18506ef84573ff00ea2b1b7f538a788523165ccf8530ff00d9e81c3e556bff00c853c42918eece984b38e5aa5fef4e3ffe69e2ea396259767cc1479596a9bfbcbbf76a7c5d4522c1e5172eb5c43b2fc4d23e2d4bff00769e2148bcce51f2c8e386d5c7f3552efd7651e2148cba7e51b2cbde1ad9f1ca6f96676b9a3cc5f7f526bd057b93b419add5243b06c5e9b1417fe4d50de6a577634d85cfa54545fb0b92f7366c0b1ea4c65b2362d5154c3b4d4f26cf8cfeb1daab28b45d4ac9655242008020080200802008020080e75cade627d1fb9b80d339c1f8938baa0b05c885bc5a3b5c481dc08e95686e565b10d05288638cca0738cf21a0ddb17637b7addc4f7580d77d4aad0b550fe2808da87f140464eeb9b5c0b9b5c9b01de8494bf0e63c13eea61e3a78ca6fddf8355e6f6268c6970561bdb18c376f9efdda8e6f61441e27839a288cbee8d05478c01642f7eadfa6ce68dbcfd4a53228860e26573750b0e844dd87b153b82920fb1c8f89daa37169eb080da30fce988d1d451e2bce3a4adc3de0bdd7dea603b398eebef3d9d42d12da895bd9e97a3a986b6920aaa6787c3346d92370e9691705645cbc802008020080200802008020395e6fa48eab3cbab5edd4fa5e6a99a4f4379b74a7cfa9cc5a47628f72c4ef57208fa87a0236a24e280c4753c9353cb3b0b74c64022fb9ba592599b05ad74d2440c578cb438ebdb7e9e1c147321444d66155662696be221facf967832f7e8ecfab8258a314e5fafb348e64ea94c43c7f8424e6fabe37a93990232a690d1d53e37e92f0012e6dec41008e3de9a6e0b478a107c405fc3cb457402417639e18e1d60ec80f4f727cd31652a1a671b9a5d74e3b98f735bea01673f3168ec6c4aa582008020080200802008020398e6127ddfc41e7f9ebc7a29e9fda56b1d9147bb212aeb2189c5b24ad6bba8952da4288ca8c4697f1ecf4a73214c8d9f10a5b1fc3b3d29cc85330fddb6d3b1cc86ad8d0e373c0a8b88d4c49331c8db96e2005c6fc37e3d9da52e24d323a6cc53eb68657374b0920696906e0defb6fe51d8f5a7848d4b70e355b23c470563def73c383580125c1c5e0f0f8c494b893a98d5954f7d4bbc2df69cd816b9ba48b0000b585b6b6c9688a6505ae11b252c788e43663cb0d9e7b0f4a85920dd26ac829bddc1a01d4402058dc83c0a9b44d32b80daa22eb120f3105483d4d931cdf73ea6269b98aa5da8751735aff00da59cb7263b13eaa582008020080200802008020395e3d389b10ab9871388d430ed6f263819fb2b5894f5645499625c5982b1b5d0c0c75da1af61276ee53c8e4f4292caa1b9833e4490f1c669077c6e52b04ca77a81832e4073bfefda31fd53bdaa7bbcfa11df3198727272e77fe21a1fec5ded4eed93a11dfb118d2726bf1b31d08fea9ded52b85c8fd0af7fc5d4b079348ff00f5250ff66e53dd32f423fc861ea5da6e4e990544728cc747e2383acd6b9a4dbb7a143e132d6882f88e1bd5923479361a6c465af7e2f874d3bdc4b358790cf4dee7b523c1e54a9ea3fc861ea64d4e5d926c1f0cc3998e61ccf73e40f64a1af25e45f88f3ae3c3f079e2e2279d7febd28a2e3b0a77662c39465a76b0458fe16d0c8c462d149c06ff001b637df6b6fdc176f74cbd0bff0090c3d4d571ac31f83e609a86592291f1cac71742cd2cf1c07ec3a3ca59d72e874c65ccb98f48647f2317ff00ae6fe8f0ace5b978ec6ccaa582008020080200802008020390e3674d4567d2d59f542b58947b92f8110ec12027873927d616f8f738b8a7467c7844f500b9b13f45af722db79d68f2c62732c3397a11f2e1658646c8c9c10d7b992060319d2d2eb137bdf63d0addb6a8cfb0d1dddff44688220f3ce8988e8113413eb22deb5bb9492f0a3923c8df8dd22aa9a1824a6e7e212b009031cd9837a4120820fc937f32886592972c8b65c7070e783f5ad4b1ee51333a2618dda6e5cf6bc1600389d5c2ddab4eda3cbcc61d84fb4ecd6e5f830686a1f48da796491b34a6391e22b06d8b3717dc8f1f89b7059f796936d6c6eb84b705195dbd7fa2429727cb55087b63a881cee0270cdbbf4b8ac5f1d4f5474af85f346d3a7ee483b2043cdb34d73c3fe1931823cc2eabdfddec68fe12abcc615464d753bec1c6767c668b7a968b8cbf6309fc3a51f7391f28234e7cac6f53a9feea35c523dac5e4477fc970be3a7c42570b366abd6ced0228dbf5b4aca5b9a476362552c10040100401004010040101c7f331d13d5fd2b57f6605ac4a3dcd9f2131b2e0d039cd0f0d7c86c7bc296e8c6514e7a9b873ad3e5159d1b7318d5d2363a7606d80d607a6e8c26b620b1da7a68c6b6be1648f24b4cb6d20faaeb65964b4b38b270d095c92b643c6d64db3eae3a891a0e9636469b75d9add87a1744671bb479b9a196aa755ed5f647d9211a5d1c54d23e07b9aeb17061daf6b8dfa4dfcc124e4e9887651e685ba75a99546f7440b1b13a2235173b9d04c60e9df61d36f52e79cadbe63bb128c61158f7d7fd17a2a930cad741883a5770118a8326adb6f16e7a6dbacdf2fa1bc5e54ee5b1b132b4ba31ac58aad1a2cb6b52dbaa77db75648abc88f3c728dff00106bc7cba7fba8d5d9ae3f2a3d1195fdea1f38ff00ad632dcd63b12ea0908020080200802008020080e379c4e996a8ff00f2b55f6605ac0cdee6d5c9d6b7e5c8cc7c44927da4919bbb744f1336bb5b74296cadee7b6cd936bf001412dd68cb13ca627e90cd42dd5d2a926d3d10e68af5319d189a42f645a5fb6da78ab2cb28c363967823932265d6533981b21a72ef9247faebf52879e4d1a4383845d954523192bc1688c03b976c2dfa9554ef7d038283d3d4bcd7c6e697c3cdb9bf1d8411e9091e596a99795add18f593c549a0ced3e38b8b2f33e21f145c24d412b3bb83f87be213936571b848c0f6f92e170bbf82e2971585654aace2e230bc191c19c0b947ff008855ff00974df731aea7b1b63f2a3d0f95fdea1f3aff00ad652dcd63b12ea0908020080200802008020080e35ca001154d5b5b7b0c4e73bdba61a671f592b58147b93b90f13a5c3f2b53bab2a042d9259834904dece1b6ca9972421e674535e6746cb4f8de18e70732a439cf68736320824136045facf47159acd092f0b25429d94b737e5fe60be7ae8d91925b731bfb475761f428eda1bd96e5bdc8e398f009253a31589c3a3c47dede851def0ade48e59609597e9b3060e1fb56036eb8ddec513e2f87af3afa91871c94ada249f99306733f96b7f31dec5cfdef87df9d1dc69f9f6ad98b61d1d261557035a5faa5e779c6023a3834dfb9572f158725259157ee60e15b222721559c1e79aab109a1d13c3a74477758df6d400b2cb0cf062cb7ce8b24eb5378aac7b2fd645796a59218c6da58fdbb360b5cf8b84e2b593bae8cdf0f11970f94c67e67cbd4edbd5d5f82c4366b9cc781dde4aeac32c58e0a107a239f2c7b4973cb738af28e41e50ebedb8d74df731aeb7b0c7e547a232bfbd43e75ff0068aca5b9aad89650484010040100401004010040718e52ce9aaabedc4a4fd1e956b0336455317bf2c618186d7a89af7e1c4715c5f12aece37d4ca3fa8ff825c475525689e69e81a41043f9b045c5b49034ed6b0b7a1796f2352b4e37fb9d053361b0358d6cd5b0977412087117278f9cf0f62c27cf28d371faea0cba3a2a468058ce705b731926fea5c59538ba6ec1294fe0a197b4ec0de8d37b77d962d1365e64d4f7f11ed9011b0b94a07d74b05cb4b340f97f0bb94502c3df41139c7488dc45cd85afe65d1d9c6af9c169fe0ba496cfa7b5bd0a8a52836a2c820317d4fa60e0e74809178dd67b7871b0e1d2375d72d31ab97f7f8c8346cf3739e2a7f2a9feea35f5d230c1fa6bf3d4f47e58f7a87cec9f68ac65b9d11d89650484010040100401004010040715e548daa6abe9293f47a65ac0cd99191e1a7a8cb300a88639436592dada0db75b72464bc4ace0cf2719ba64f8a4a468d2da6880ea0d0a3bbe1f917d119f6b3f99fd4f828e8c0b0a6880ec684eef87e45f44476b3f9986d151b4f8b4d1023a9a13bbe1f917d10edb27cccfa696949bf311dfaeca3bb60f917d10ed727ccc3a9295de553c67bc5d3bb60f917d10ed727ccc7825296e934f196f569d93bbe0f917d10ed727cccf9e0749a4b7c1e2d2788d3b29eef87e45f443b5c9f33068e8cf1a688ff442777c3f22fa21dacfe665a386e1aedcd0d31ef8829ec317cabe887693eace499ecffbf7576e1ce41f771aa64dcf4307e92fcf53d1d963dea1f3b27da2b096e6eb625941210040100401004010040101c4f95636a8a8fa4a4fd1e996b028f72fe4090372e36e038895d6d46c3772d96c8e2cabc6ff0083621293b885b6dfe30e1c7a55afdccea4f65f72ad6435ce3132cd363e31f6a8b57b8e5956c8a05434fc067a4fb55f95f533e7f6fbff00d2a350d02e636f9c9f6a72fb8e7f6fcfa941ac87ff0067cce3ed514fa91cdec8785c5d517e71f6a9e57d49e7f647df0961e0c8cf9cfb5395f51cfedf73e1a803fe537fc5ed4e57d473fb7dcb91925b048e8e3e6e59b9be2ebed6bf4fca546f7499a455d3695375ea717ce6ed79d6a5c7a6483ec3167937675e0fd25f9ea7a532cfbd43e764fb65612dce85b12aa0908020080200802008020080e25caced3cff004949fa3d32d6051ee63e49a88d98018e573da1cf778cde8f1bbc2e88a75a1c399ae669fb136daba77bacc96a4fca2cdbedab53e865e1eaff003f92b7cf1000495b5161c1b1c61bfb494fa12dc5fab3e07d25b692a3fac05dfb6a7c456a1d5fd0fa1f497bea75fac53b3da9e2150eaff3f92e73f4fd134fe68c0fda51e2e82a1eff00d7fd3e1a883f1d39fe80ff00327888f07bff005ff4a1d2531e2f90f7c0c3f594f17426a1d5fe7f251ae93e33c77421bf53c29f174150eafe856cad823743f86a90c8a4125b9b69bee36b937e855716cba94556af4f6ffe9ca33492736cc4b83bf090ee05afe2b16393cccecc1fa48f4ce59f7a87cf4bf6dcb07b9bc7625541210040100401004010040101c4395c3f869be9293f47a65ac0a3dc80cb952d661cc8de6c35bbeb5d58fca79fc479c9d7475423d71c12b996bea6b09165579f12972392be968aac391c79945d7ec62c78931a6d3123b56c67467d347535801a38df3b4f02c0aae496e4a8b6e91f6a23aca527c269a68edb925a6de94524f6128b8ba6598ea1d2c8d8e30e73dc6cd68e24a9228cbf03c43f9a4df9a8299873ccf825745334b246f16bb621051409def366b5c5055e87c7ca631795ed683f2bfd5d13b25aa341c7a46cb995ef61bb4cb158f99ab9b2798f4307e9a3d3f967de91f3d37de3973bdcdd6c4aa8242008020080200802008020387f2bdfc7cbf494bfa3d32d6051ee69d82d44710804e01884b775faaeb5caa6f879767bd3afcfb1cf1ecfbd43b4f2dabfce9d7d8e8eecc9454d471c73d6184867f1771690eabeae373b6dc3a17cae3c53cf8b9209fbaad2ef76ff00e9f4dc4c31e1c9791a57efad57a234baec5e8eaab2693c19cd8dee25a5bb1ef217d670b8e78f0461376d23e4b889467965286cc948f12c469f2bbfff00e6e59bc20bc6968f2b4ea25fa475ec3b6d72a934bb43af875704ae8b8315c62b32fcf1e273490d4366222e75d6773776e9d5d7f0b72a62929aa23345c3138b77eff9f9f630f097e22dc4e90be78e46095a4805a49175d27046acdca1cc74fe0ae8a5a6a86ce4df4881e4edb7956b2a648e549cd7d3f3efb1be458a0f953b5d7f3ec6a59824c45f8c54ba9ded6c474dae05fc80ac9bad55330928de8ed1b664383fdd6c4eaab29a0ada986abc4d6d06edd2cf16e3cfe95cf9759a4d9d385b589b8ab64a676a0c2db92eaab5d874748e26220ba101f1dded1b5b85efeb58e094a535674f13051835a1c0f11313b1dbc0498f9c8ed7fe8adb279ca60fd347a932cfbd43e7a6fbc72e696e6eb625541210040100401004010040101c3b95e3fc224fa4a5fb8a75ac0cdee689406301a6704c7e35edd7636e91d36e95d50be5d0e4cb5da6a66be4c1dc7856bac7c463c8b31bb6c2c6fd76dfabb6f45169b696e5e538c9252775b7b7b162afc1dd39342c9190db66c86e42da375a9cf3abd0cca5c444146d80d7e250001c4b2096cd71bed617dbb7fd5f39c6ddd1ac2492ab2b9f118aa29e481d89e2b2c6e693cdcb25d85dc45c77db75108b4f62673b556cc4c3e682967e7a76cb76d8b1d0f94d20defc40e17e2b595fa1945c6f536174f5c1e1a7dd61b8e0f877b8edb58ee3d0565dacfafdcdbb28f4fb1018a4b0d539b3c2fa874efbf3dcfdae2c001c36ebf52d62dfa98cf97ff266c58bb6869a666155d8a61e4ddc2382721af758d89df89b347676aca516dea8d6334968e8bb578f0c423e66ab12c6a4a7769d70bea0bdaeb1bdece27b3ce14420d6a91339c5aa6d9a7d4dbdd81a6fa79e65afc6db59532798db0f90f5565af7a87cf4df78e5cef7365b128a0908020080200802008020080e19caff00f2a93e9297ee29d6b0337b9a451335538ef2bab1ec7266f397853f8c2f1b88bf0b2b99ea5c99b1995fccb1cc65fc56b8dc81da517b90cf9511c524a4d3c6e647b59ae3a88dbad47ee4fec248e2d40c31b98dd201d46f777494419915c68646402869a585cd8ed31925d7adfd636161d88afd58972fa16def708628e233b34df5fe10d89bdee0747b54522799d1439b1732c6b58e128275b8bb63d561d0ac5594bdb01803741136ab976adb4db85bbfa5016db1b41dac82ec88aadb196fcec7fa97364f31db87f4d1ea9cb7ef537e7a6fbd72e77b9b47625141210040100401004010040101c2f95e3fc2dff48cbf714eb58147b9ac653939bc4a95df15cf3fe12ad9bf427fb339a7e7b3a7d5543e4c328eaa8e27ba36c6ef0991a49b3c1b1d5d5d16efec5f3f3c7278e2e37b6ba95949f2a68e719926e731ba9793e508cfff005b57d0709a6087ec51eaeff36367c89235f4b14320798dd50438305cdb65e17c4f12cbc6c5356a91f43f0df0f05296976f732f3c18e2a1c521843db1b0c7a35deffc633afa38abfc3712c5c7ca3154a9d7f453e20f9f828c9bd6d1a665a60a8cc585c25da43ab22dfabc70bdecf1e7c528f54d7d51e1e255922fdd1dacd05487e80d6b87c7d42ded5f1afe09939f47a753dfef38eace3f9e19e0d9b7128756ad2f66fd778da7f5afaee131f658218eee91e1710f9f2ca46465799cda78f4be66ff000ebf88ea71bf32efc68bdffc3fd2b2d323d7f3a8c4b4fe7fd0c4e679c040324c47334bb38d3dbc93f146beee9f8dd0a22fc44c9783e868553be30cf9d8ff005289f98d717911eabcb9ef537e7a6fbd7ae796e6d1d89350484010040100401004010040706e56dfab13a86fc5c41feb8205b436337b9a2d1d749452b248dad739a4d83b81b8b1567ac5c599ca1ccc91666baf898f6451c4c6482cf6b5f200e1d446add73ae1b1ad35fa945822b4446d5e292d4cee9a48d81ce0059a4dac0003d402e883508a8af42dd8a32b0ecd388619198e8cb630492487381dfb411d4b97370b0cd3e76da7ece8edc1c4cf063ecd24d6faabff006575f9c313afa6920ab2d91920009739c4801c1db124db7013070d0c33e74db7b6aec8e23899e78723492df455fecc0a0c727a0ae82b29e3673d048d919a8dc5c1b8b85d6e76a8e458a9dd9b47fb5acc7f89a0fec9dfe659f2a34b66b58b662aac5b119ebeae38f9f9c82fd170dd8002c3b805a2952a28f1733bb2aa2ccb5942c0da764400939d1a98d778da4b7a470b13b7050e564ac75ea7c9b32d64d4be0d2322e6b4b1bb31a0d98086ef6bf4f9fa514b5b0f1daab23a290cd8842f22c4cacdbce14377a968c79551eaecb0e0fc1d8e1d334ff7af594bcc5a3b12aaa582008020080200802008020383f2b10918c6284deccac8a41dcf8183eb8dcb686c66f739d395806c323dba9a05bacb805160b5231cc76970b1b202dd8b880d0493b0005c92a0194fc3d8dd9f8950b4f48fc33ade76c641f3128494f8045ff9a50fe6547ee9351a16a6a53182629e1a86b45dc611278a2e06fadadeb080c6424bd1d2cd2c4656341603624bc0dfce52c16ded731c5ae04387105019d97e0f09c6e862b5c3a66dfb05f8a067a7b2338bf2bd1c87fe619241dce91c47a8ace7e6623b13caa582008020080200802008020392f2a740d6666a792725b4b8b511a5d7d0c9a371734f790ef402b5c6f4a293ea721aba79692a1f05430b2461b3815720b6da8962168dd603b015140b323dcf76a76e6d642453cefa6a88a78edae27878bf583750417defa0bf88fab637a1a6263ade7d42fdf60a6c146ba1fc6d5ff7767ef1090eaa8628a56d23a72e958637991ad6f8b7048b027a94128c14056c93403f838dddae6dd281f247991c5efb5fd080d9303a2a8a0a07d78889adacb5261f0916739ef36d56ee3b7783d2a76d4acb5d0f4c60987b70ac1e870f61bb6969d90dfaf4b40bac5bb76688ce50020080200802008020080202133865d8333e0b2d04cee6e404494f3dae6194792ef590474824294e9d90d5a38ce270470d4b70ace544ea5ad6f8b1d50f26503e131db6a1e83c3570006ca9ea8cf54629c8515559f418b31cc3c1a581cef3925a135168f8ee4c71937e667a678e8bbb73e82545fb16d0b0ee4c7327c18e0777094fec28b40a0f26399ff1117e6cdfbb4e644d14ff00b30cd04ed045f9b37eed3990a2ec7c956647794d81bde241f5b028e605e1c946383f8d9a16fe4e93f5b829b7d05a2f43c96cad37acc51b1b4741631b7f3b5efb7e6a78ba11cc8ba700cb380163e779adaa040630bf5dddd42c05ff00341ea2adcafd4ab974379c8d946b2a3168f3266184c2f881f00a270de2bfc378e876e6c3a2e49df867395e88b4635ab3a4aa170802008020080200802008020080c5c470fa2c4a95d4d8852415503b8c73461ed3e6280d56a3934cbc4ba4a215b40e3fcdaa5d6f3076a03d0aea72453911aae2f834983978a6c67137e9e1cebe33f5302b29b64722355aaccf8cd23cb63af90807e1595b98ab45a6e78cc036f0d3e853654bacce98f3f8d61f425924ad16318ad61024c4676dfe2e9f628e62ca289ca3c2e7ae204b8c622dbfc4747fad8a1cd8e446c34bc9ee1b3303ab311c56a81e2d92a0347f81ad54ed1965044e60d95f03c164e770ec3608a6b5b9e702f92df96ebbbd6aadb7b92922694160802008020080203fffd9, 'width=\"180\" height=\"180\"', '', 'download (2).jpg'),
(4, 'image/jpeg', 0xffd8ffe000104a46494600010100000100010000ffdb008400090607080706090807080a0a090b0d160f0d0c0c0d1b14151016201d2222201d1f1f2428342c242631271f1f2d3d2d3135373a3a3a232b3f443f384334393a37010a0a0a0d0c0d1a0f0f1a37251f253737373737373737373737373737373737373737373737373737373737373737373737373737373737373737373737373737ffc000110800b400b403012200021101031101ffc4001c0001000105010100000000000000000000000701040506080203ffc400491000010302030503060a06080700000000010002030411051221060713315122416114717381b2e1163237659193a1b1b3d11527425292c123334353545572f0172426627583f1ffc4001a010100030101010000000000000000000000010203050406ffc40026110002020104010402030000000000000000010203110412213141051351618191222332ffda000c03010002110311003f009c511100444401797b9b1b0bdc40681724f72f4b4edece2d260fb0d88d440f2c95cd11b5c0ea0b8db4fa501a46dcefa7c82b65a0d9e81933a225afa879ecdfa0eab457ef8b6bdceb8aa81be0233f9a8f95501bf7fc60db0ff190fd5fbd3fe306d87f8c87eafdeb41552d21b7b1b1ef406fa37bfb5f7d6b62b7847ef5275362b8dd55343510ed04e639581ed22166a08b85ce6a5cdde63b4d26cdc54f57550c72d2bcc604b20692de608bf9edea406e7e5d8fff009fd47d4b17c5d2e30e7171c6a524f326062473472b04913db231dc9cc75c1f5aae652414e2e31fe7527aa9d8ae63c6f69e94874389d3d501fd954c1943bc3334e9e7b156f9950b901bc6caed4458eb6582585d4b8853db8f4cf37201e4e69ef69ee3fcc15b0a88a8ea0d0ed3e0b5919cb9ea0d2cc6ff00198f69207f135bf6f552e0504954444011110044440111100444401469bfa37d899da751763ac7af1182ff0069525a8e37f4c6fc01a97dbb4248db7f02f6fe480e6444b259005712d567a58e01131b94dcbc7372b744065b08c7a4c2e9df0b2929260e766cd3441c47ad6c5b318cb71ac5d943574b450891aec8e8e9997cc35b6a3a02b47b78ab8c3eaa4a0ae82ae13db8640f1e363c90139e1f49061f018a9da1ad738bdd60002e3ccd86839772b8e22b38aa59344c9623763da1cd3d41d5578884177c4542f56bc5432203dc9964c4b086b8020e21168479d4cea1289f9b18c1c7ce117f3536a12111100444401111004444011110051b6fea51f016a2225b773d8ee7ad848c1cbd6a4951aefee269d859e63f1daf6341f032309f642021ad80c3c55b6a659206cd1c6f68ca640cb9b75b15b4cd844792a72e1f4d1992e5bdbbf0c770e5d563774f714788b8805bc560f11d976be6d14b1b3f48ec4a81b553cc238de488d91b45ec0dae6fe375b2b231496dcb671353efbd4b841f0c8b1bb3b5245c430b6fd7ff0089f07aa0736537d3ee5226331c94b88b28def6491cadcec786eb61a1bafbd361f888a092ba9c53be9da1c7270def90db9d8345c9f00aeaf86cddb7933d369afd458e0ec51c7ca64794982988384f454b312e6917791600ea3977afac383b2391e64c2a95ed396c38d60dd2dd3bcdcfd0b7ac363aec6a3aa149e4ecf259387389a9e589c1d6bdace1d08fa579c2b850d4c6c7b6e64ecb5ceb1b7d2a6365728b9358c1aea74da8d36d51b14b3f4cc560b4d33a81ace1c41cc7b9ad635da35bcc0f50d3d4b25fa36a3f69918e9af3fb16670fc7f0c9f19970989a1b3c62d9881cc0bafbc72c735635c2c59c4008eee7aaf351a9ab509b823d52a6ea76c66f966bdfa36724e91d878fb95cc74e23ccd7d0c32b9e4e525e465fa02bcc4f69ea1b5d510e1b494863a676579959773cf7d80e4075578710a7c5f0ba4ab8e16c65e482de84731f485aa926fa2eeb9c565488f984b76930b8cdaedc4e3040f0254e4a08cf7db3a16fceadfbdca7758b3d91e90444424222200888802222008888028d77f72db61e787b3773d8ed4eba48c1cbd6a4a51aefee169d869a73f1daf6341f02f613f7040473b9f884984e2e0b6f79231cbbac56e986e2788e130be9e385af666b86cac2434f7dadd56adb9000e1d8b03fdf47ecb96fee91afb16cb507c5b13c83f62acd278fe583c77e93de9ee4da6be0c209eaebebcd655919830b5a48cad6f4016e38362d4b438688279f24ad2eb131bac6e6e0e80ac534b24765fe91e7f7656b9be1a5c742bec606b8df8818e1d0d95ea87188bc8aa88e9572fbf2cbac02bf0fc2b03868df5827a90d2e9e4644ff00e9a571ccf76a3bdc4ac3c71345f8931a7258447265cd94f522caf7c9c5cde7bb7d2735f565119c9110376f6ae0f2576bdb4f7745e4a17ac266240a3a7aa7d445353baa8651c5958e6191a357768374d3c3b96572b5cd648dca58d21e2dc8f9bbd799689d0bc35f53135c6c5cd92a1ad2075d55d43118e311c99730b727696ee5851555526ab5d9ad919c9a94db78f930b554114b56fa88a69609251693234f6afcfe9592a06321a78e9e9d966463b37ff7d55c31999ce273000f2ce3b5e3a15ef2d88c8e617779256f86577c5f4fb23089ff00f5dd0b2e4db15eff003b97402e75864bef2295b7e58b9fbdcba29666aba0888848444401111004444011110051d6fe7e4f6abd2c5edb548aa3bdfc7c9e567a58bdb6a023adcb12308c648fef23f65cb798f12aba695f008f4672d6c6dddf62d23726dcf85630deb2c7ecb96f4c1570992f252cc64707669e32e734000586ba0d392a4e32ca683e563279a7ac9eaaa0be565991bc0bf890e58bc49f37e9494be4e1c1603b2ebb8e9ad8777ad66218a792a5f2492c391e5aee0c208634816b817d39fad5bd7503a4a873daf636ff00bc0fdebd9a09aaa4dcf839dea54d96d2a35acb4619b33991886673f387663231d703c3c7f32b71a39c3229e42661922cd962d4bbc3c56becc39c48bcb1b85f50d06eb2e38f4d99d176aecca5aee454fa9baf535ed8f3d99fa4d56e9db76c71d1eaaf048b167b2b1958e6715ad123648c3dc2c390d7b27bbbd31291b4cdaaa689f23f830b5adce75b65d35ef4f2e9d8d0c8c53651cacf3f72f32b5f50c91f2d83de35b2f2e9e2e1b13ea274b50b7c249792b81e231f900124f1c2f65f3079b13f9ab6c2ea7ca315aa22e223ab0f2efee54651c9093c39e100f5bab8c3a90c1239f9dae27bdbaada34d555b6db19b7bfa4fa4726b8eb26a985904943cfe3045b42ff00d685333a62ee1f6b974bae5dc325cdbdd8dbd3177fb4e5d42164cec22a888a0908888022220088880222200a3bdfc7c9e567a48bf11aa4451e6fe3e4f2b3d2c5f88d4047bb907066198c38ea04b19d3fd2e5b13b6971224e5c0aaadddff2d21fe4b5adca9b6198bebfdb47f7394e51b8ebcf9af36a2e75e31e4bc31ce511ee0f8dd65656086ab0ba9a76117e2ba17b00b77124595ce278c0a396560f27b451b1e78b259cfcce22cd006b65b663ceb61fae9791aa30daa321c4da44ae6b4c4dbb7ad9c4ad74f373865949edcfc19da7c6db35e468a52c63a3161210f7079b76477acec6623259f9bb46c00ef2a36a47035906a09e2b7da0b70ae748caaa299af7b58c79cf93a1165e98c79c3152539a46c9e434cd8cb9b7b732011f92b232439ae1dfd1f5564d7d4454f10358e7323caeb87b7b56249b36d717d06ab111b2a1db3d54c95efe33c49637d45ef6b2d1568d75152aab73372822a59230ecfcc5c5dc351d792f8bcc31cb9232ecc0ea09bad5a86aeadb4f1f066a6b96b44bc7b661668161e1a13ebf05f4c264964c6e57991cf89b0b58d279120ea6dfef4b2decd36c8b9338b4fa842cb1413ec8b3063fae11ff009797db72eaa5ca782fcaf83f3bcbedb97562e7b3aa111100444401111004444011110051e6fdfe4eeb7d245f88d521a8f77edf2775de922fc46a0238dca0be1d8b0eb2c7ecb94806391a2c1f35affb33b9b6f5051dee65f968314f19a3fb8a90e1c5a18cb227095ef7388cb00cc5a2f6bb8df452d26b920f71c6f26f23e423b83e473edf4af335335ce24b3313ff00790adff4a53564ec929a60f68cc2e2e0dc1032b81f3dd5df174ba9496382a7c5b48dcc0f0cb7c78a4afb4f087b40209b74d13889c5520b7f2504ff0056e1ff00b8d95c3206b61c8469d0f7a71538884b6df65b1a1873dc538e7a8e215774b4ec85d763032fcfb575e78abdb6453b9bf266ab82794885b053fadd07e7697db72eac5ca3821fd6c83f3acbed397572ccd82222008888022220088880222200a3ddfb7c9d577a48bf11aa4251eefdbe4eabfd245f88d40457ba4796d06276e7c58cfd856c58951bf88eacc26431cf31bcd0d5e6234e45ae6b797815ac6ea9f968f111d6467dc56f1c675acd95e1bd038d95bc15f27c70fa4a6a48db20a874d56f39a675b2b2e46a00ca3c3527d4b2c25d02c799cbad9de5f6e57ee55e301de8325ff142717c5580985af987997b9246b1ce68958e01d60e17ed78a905e717c538baf35606700917b8ea9c6f14c905ff00157a64b62b1dc71d5544e077a64922fc08df7aac3f3a4bed39758ae4dd9f37de8c67e7293da72eb2542c111100444401111004444011110051f6fdbe4e6bfd243f88d520a8fb7ebf2735fe921fc46a0219ddc4bc3a5aef48cfb8a92d8e67e8cf2d6d2d3989b288b9f689b5d45fbb901c6adaed5b7048f515be51d6474cd923788a6824b712179b5edc882350475585d2c60e37aa5b384a3b5b49e7a3e9595b13a1ecc0c8dc0fc66e8b23b3d03b118deca7a6825919da7194f217b2c7bfc96b6bcbe3a58e2848fea9aeb80b3b82c6cc284959452d18320e1490cefcb945ee3cf75ead0b587bbf1930a9db3d32df27feb96bbc1eb15c326c3e95f355d1523182cd2587504f25ae61955171cf15ac934b00fe4b61c5b1792b299d453474d18ce1d785d9ae47acac454d2524794c596176a1c5aeb122dc9745456f86f4bc95f73fa6df6a52c24bbefecbb9a7821634ba969cb893a65bd868b1ad9a097168a3b010be468735a74b1b5c782bff002c0f680f9d82cc2c16935b6961cfbcf33dead29e2a36cb1ba46b5c43ee6627c79acf5c9428949259fa2de956b9ea545b6d639c9b73297092d6914311b9b683cdf9ac16d4b28e9d90ba9216c4ece5aec9de3ccb33492d1451318710636cf2fb3641df6f11ae9f6ac06d1b29a465a29a395e4b9c32baf6e9c97c969b5b2b2dae39efbfd1f63742a50963c7444db346fbcb80f5c424fbdcbad97236c99cdbc4a4775ae71fb4aeb95dd39c111100444401111004444011110051f6fd7e4e6bfd243f88d520a8f37eeecbbbbac195c734b10b81a0ed8e68080f6531ea4c159522a619e474a5b94c446805faad962de250c6dca28ea4b6f7b10c3aa8d9551a4caca0a5d925bf78d40e7e6f22ab02d6b37205ee3de651465b9692b06537e6c518a295c7436471824e9b79787cdf1e8ab09f02c0be6ede26184694559fc4d5a361984cd5f1be6be48186c5e7bcf40ace6636395cc17ec9b5d4ee646c8f2b0494ede661ee690682a75bdce562f80de161a0dfc8ab3f898a37288db7c326308c5e5127b779940c6656d0d4daf7370c2ade7de161d31b9a3ac6eb7d0b14708b3508ae8bb9366cdb1f3327dbfa19a2696b24ac2e683cc0372baf171d6c2bb26d7e14ecae75a71a346abb102b105511100444401111004444011110051f6fd013bb9c408ee921bfd635482b09b67828da0d99afc2c900cf110d27b9dcc1fa6c80e37555738950556195d3515744e86a21716bd8e1c8fe4ad5482aa8888090367dd07c1ca1e591b23b8b7ff56b7f559603159a434b5acad9a9643c46f9388dd1b9c3537f8ba816eab1b876293d0b5f1b3b513f5730f2bf5f3ab59a46c92b9f63a9bd908f27cca212a884955444406c7bbb61936d7086b46bc7fe457602e6edc56cb54623b44cc665888a4a3be4791a3dfcb4fb47afc17480500aa22200888802222008888022220088880d436e364b02c769ccd89d0472ccc1d99412d78f58d54632eee367cb8d9952d1d04df9a2203e0fddde02de42abeb7dcbe4777f81f4a9fadf7222028760303e953f5bee5e4ec0e083f66a3eb7dca88807c02c13f76a3eb7dc9f00704fdda8fadf722201f00b04fdda8fadf72ccecc6efb6726c46364f48f9473edca4fd9c8aa22026ac368a9a82963a7a38590c4d160c60b00aed110044440111100444407ffd9, 'width=\"180\" height=\"180\"', '', 'download (3).jpg');
INSERT INTO `afbeelding` (`image_id`, `image_type`, `image`, `image_size`, `image_ctgy`, `image_name`) VALUES
(5, 'image/jpeg', 0xffd8ffe000104a46494600010100000100010000ffdb008400090607080706090807080a0a090b0d160f0d0c0c0d1b14151016201d2222201d1f1f2428342c242631271f1f2d3d2d3135373a3a3a232b3f443f384334393a37010a0a0a0d0c0d1a0f0f1a37251f253737373737373737373737373737373737373737373737373737373737373737373737373737373737373737373737373737ffc000110800b400b403012200021101031101ffc4001c0001000202030100000000000000000000000607050802030401ffc400511000010302030501080c0a07090100000001000203041105122106133141516107142271738191921532355354a1b1b2b3c1d1d20823364244525572939433436475b4e1f0456265748283a2a3c316ffc400190101000301010000000000000000000000000102040305ffc4002b11000202010301060701010000000000000001020311122131041341517191a105152232526181f014ffda000c03010002110311003f00bc51110044440162369b17f61f0e32b326f9f70c3203919605ce7badae50013dba0e242cba82f753716d032c6d7888f4cd0dd0102c4b19c4b1490ba5ab95b19371bc6b5f21f1820b19e26345b9977158d63e496f92be475b436645f7133f6aeb8a38e1cdbb68198dcf6ab107618de4d8d64b7fdc8bee2e0e680d2f75738347124456f9a8e6b1cecce009b5bccb818212c2dca4026e4b5c41d3b501f33c1cf111ff00abeeaf2627551d3504f34159bc99adf018d113aeee0340d5de6869cf1deff19ff6a8fed54a30f6d3c748f9192497738991cef0478cff00ab280635db478cc62efc8d1d4d3b47d4b8ff00faac587f5b17f05bf62c74d59553c6592cae737982bcaa0933836af171fd747fc26fd8bbe9b6db1ca7903e3a902dfaac03e3e3e851c4406c5f729ee813632452d74a5f7223224766744f3ed7c23ab98ee1e15c87585c83e0db0b537b964cf8b69486bac0c05de76b9ae07cc405b64802222008888022220088880222200a01dd65d970e8fc9fff006854fd579dd78da823f247e9a1528158674cebd9845336a617b9d06f2ceb5ed75eff006399f033ea956c3f020c2675eec2714386cb3bc44641340e8881264e36d6e05f972b78d7b7d8e67c0cfaa57df6359f033ea94d32f01b1eaa7db37c13ef5b4115ed1b40de1d031ce2d1c3a3ade6501da2db2df4d3528a3cc23a31441e6726d663997b5adf9eed3c57254baae923a5a59aa1d44488985f60d3ad870555d3d15577e365aba19a48cbef236c45efc751aa6893ee19465f10db27d74758c7d0061a987764b6622dac86e74d7fa4e1d5a0f628aa97e1185e063179e4c5a2c40d037298638617f877e21c6d9ac3cd75f050e1230982f87d61ae159796cd9358331d072be5b76aab84d63e97e8328892f8a5b1506100c665a0c45df8a682d0c706e7cc3313adf85c69e80b9525260c216b2ab08c48c82f791b719bc275ae2fa783979f33d2eadd9cfc18ca3afb9b1cbb46e3fd9a4fa96dc2d45ee7f766d0ca1c2ce6d34b71d345b74aa4844450022220088880222200888802ad7bb05430c1b817cf1d3079e9674f101f34ab29551dd80daaaa3fbbe1ff001214a047f63e43de7235bc5d2d87a0291555e99b1132b1e64692721b869048b5f81e1c945b646cec3a427df7ea0a4950d6f7a51feebbe795ba0be946794b0d9de5d0c7905454398f7343886c798341171737e841d015d533a4864918f1fd1bf2388d45f5e7e628d8a284365ac2647b802d86fa916d0b8f216b69c48e9a15c0e6a8749249334092505f73ccdf5b0e9af8afdaac911a8f2630e74d8454b84c230d6976a093265198b479871e5a750a2701a73446aaaaa6489865dd31b1c39cb880093ab9b602edf4a956251c3555f3c71d6530861a2963630975c5c5cb8f83c4e84ff90583325550d053470ee5913dd23d933180b9fa86b85c8d3da8d05b422fc976ad6d839ca7b98a9ea616bed4f2c9232dc648f21bf8813f2ae1df63a9f42cbd7d08a88e8ea1b1c71cd3c44ca1a031ae39dcd0eb0d05c0e5a5c5f9af0b30f2e98446c1c45f5e005afaf99755a74e594733e3e3aa634b9d0bec38902fcc8e5fba7fd10b84b2490968998e6170cc038106d7b70f315951157c4ccbdf0d6c6ef06e48032868d7870b346bd478d745751cce63a699f13f29fcc6d8eb675ed94697773b6a567aedcc92935fc275110d8e219b4b5a49b0104f73d16dc037170b51366bf283141fd9aa7e42b6e63fe8dbe20bcd9726e472444552422220088880222200888802a9bbb21b54d47f77c5fe202b65547dda4da79cff00c3e2ff001014a045b641eef63a4b0246f4fc81675d2c8e6b5a7316b7403a73585ee6efa63265ac631f099acede3acd1a712a4e194cec1585e69593173323da4171be6cd9b5cc0ded7b8b016b2df5da9452c1926bea6749c4ab09b975cf531b4fd4bcef99ee739ef06e7526d65c775773835cdb36ded88075ec04af2d7831d148fcccd7c1b0373ae8baa9c73b228f2611f515066965607b4c9706dcda792e5056d653c663889ddb8e62c7c6d7b6fd6ce045fb570ca3a2eea4a496aea19053c65f238d80017776c52dd1cb73a26a8a9a895d2cc647c8ee2e3d9c3d1f12e2c9678e40f6878783706cac8c3366309a08dbec833be26b78409b35a571c5b6630bab85cec319b899a2e1a0ddaeec5e52f8ef48e7d9e36e0d6fa2bb4eac15f77ed71d0be52330758ea2e0dc69e65f1d5154f6bda43acf37700c02fc3a0ec1e85ed9b0f9e965ddd4c0f89f6bd9edb68bb61a7ec5e9a957ca8ffbd0c4de082ec9c6e9b6a2be2160e9229d82fc89d16dbb459a0740b52b618df6be53d5b27cab6d978f2dd9ea20888aa48444401111004444011110055677718236e1cda900ef5f4fbb71bf26cd111f38ab4d55fddd8db058bc93fe961528102d818db352548731ef01d98e422e38753d34f3a94ba1a6646e7be92b0007525c34b71e5e2e4a31b01039f85cb2082aa469908bd383a3858eba152a31120875262e730f0afccfa8bbd76c1470e497f4cd6465a9ec789f4f282e2d89c5a1c4684388b7236e6b1f8a472b3235f1b9a38ea39acc3e3aacbf8a83130ebe85c1d6b7a1632a60af9a4fc6535639a0923342f3d074ec0bb47a8ab3bcd7a9c650978331a18a49b358d3e8668a0918d10dc0bb1a01e3cfaac48a3a9f8254ff0005df62e6da69871a7a81ff0065df62596d138b8b9adff68ac636c5e545fa162369e3adaf95b513eea368cc328d5de2598c3e9e86832bd8f2f796d8b9e78f6db92afa8b18aa8226c73d3cb2b582cd2e85e0b478c05ec1b48fc8d69a49465166da278b76f0e8bc0e9ba2aa996fa5fef28f567d54a71e1f9609962470dc4696482a5c5cc7bbdadb504743e650fc6b07a6a2904b48f2607b880c70d5a7a76ae8871e7c4d376ca5eeb5de6137edfcd5d4ec4a99d1c99f7ee7bae407c4f76b6e37d2daf62f5ebb2307f7ac79986d5ad6d079f22a5d88f076be41e507c6b6dd6a4ec702ddb3945b83a41ff92db65c4d41111004444011110044440111100556777836c1a2f22ffa5855a6aaaeef7ee345e45ff4b0a940f07711025d9bab0e9046d6543dee73868006b558111a29dd1b62c4e9dee90e5601f9c7a0555f71b9a57e098ad1c46ef9229b236f6bb8b5a0294607458a3314c3b794d665248d3338cacbb7c0b5880e37d469a036ebcb357d0d176b9d9ce59694e51c244b5f146d2e06a1f706c6d038aea3043f0993f9677d8b2ae607b5a5ae6824733c0f55d72c4f2db3646ea7b340b93f87f4efbbdd93da48c59a584fe9327f2cefb170750c2efd25ff00cab9676363037f18e697755cf2c3d428f96f4df8fbb27b69f891b761b09fd25dfcabd75bb0984fe947f957a946587ab7d29961ea3d29f2de9bf1f765bfe8b3c48ec7b33be607b2a98411ce120ae8add9b75352c951df11bc46d2eb6ec8b80b3f53239b04d1c05a1d9486df8712b119e58766df04fa3c44e197f5743a154b3e1dd3a8b697bb2d1ea2c6d2c9af7b2df975516f7d97e7adb35a97b2ff009733f9693e7adb45be1f6a383e42222b1011110044440111100444401553ddf74c162f22ff00a5855acaa8eeff00ee245e464fa4854a0573b035f25161f23e095d149bd3e134db4b052c6ed2623fb426f582ae365dff008b6b1f7ddba701d6e36d2eae38b02d95345df0f8e56c801f003a42dbeb617edfb57917ea56b49e3bf93d0ad2d09b59308769f12be9884deb2e6dda6c4ff68cdeb28862b2321c4ea63a50e10b642180eb61e352ad85c2f0ec5e9667623192e6ce181dbc736cdb0e87b556aaeeb5e2327eacb58ebae39944f4b769713fda337acbb06d1e25fb426f597cdb4c1f0dc1a85cfa1888904cd6876f1cebb75ea7b146308923aac4a9a0a8de08a49035e583c2b73b28b69beb969737eac573aac8ea512563683113fa7cdebae431eaf3c6ba6f5d739766e8a2a685e25aa7ba69b231f7196d627a74f8d4426a9114f247fa8f2df415c6c8df07a5c9e7ccb572a6cde2896fb375a78d64a7feb5f1d8ad4480b64a991cd3c4179b15e9d9ad9aa1c5b028710a8c42581f267bb5ac690d0d711cfc4b1bb57414183b691f435afa9df97e60e6db2db2f2edba89d57a8ef3e7f655594b9e94b72b3d9637db898f5964f9eb6d56a3ec79bed938f591ff00396dc2f7e3f6a3ce7c8444524044440111100444401111005547e101ee1c5e464fa4855aeaa7fc203dc38bc8c9f490a940a7366e470a62d8d8e7bf39706b45cd8594d22dadc6d94ed823a27e40d0d00b0ded670b71e85de92a0db3eccd485ed739ae0f2039ae2d3c0745937c6f70b3a69dc3a199c7eb5e7cf429bcf27a15a9e8583b27a8937b9ea2192232124676daf6362b2186e29352d380cc3aaa6fc609592c6e2db12d16e008e04158a31b9c41924924b0b0de485d6f15fccbe6ede03409e701ba34099d66f8b5d1457646b96a896b2139c70ccce25b433d651ee65a2aa6e67b5c6491c5d7234e802f26138cb70fafa5c4037782078932ded9adc9781d1b9ec2c7cb2b81b5c3a42782f9ba1972d85ad64b26a72d5de45553845c7b89e4bb73253d00a676ced4462398caf76f7c1d2e4fe6e9c543a4af6cd2be502c2471781d2e6ebcff008ec8586a2a0b4fe6999df6ae22300585b4549e86b626b83812bc2f6e31dc3706650d0d1d3c944dcc1b23a99cf71bb9c4ea1e071cdcb40163b1ada0c4710742cc4e9c40e8cbf20113999b803c5c6fc961323802d6cb2b5a6f76b64701af1d2ebee424e6748f79eaf7977ca9355cb0df28aaab13d58479362cdf6b81eae77ce0b6ed6a1ec4fe5637f79df382dbc5e9ae0c0f908888404444011110044440111100553fe101ee1c5e464fa5855b0aa8fc203dc28fc8bfe921528147e0d3eee95cdbfe7dd7b7bebb5637036b649e9e391b998f9d8d70ea09175744db2fb211c14f28c29877a1d73be92c0836b0f0b8f0f485e7dee306db352b9420b2579362d87bf068a9a3a42dac6919a6d2da175cdf89bdc0b70165e07d5c6e8a26b23c8f6839df9c9cfae9a72b2e3b4b053d2e3f5d0514623a763c6ed8093941683c4ebcd48f60f0bc2310a61ecad2c52ba4acdd6f247bc646e567423f58a8924a3a8ef06e5c11f96b237b6311c7bb2d659e73939ddd7b3c49355c4f7b4c51eeda1a0119cbae799d7af452cee8381e098551d5330ba4647353d53233235ef37043ae2c5c4721e8517d8dc35b8ced4e1b87c8c0f8e69aef6124666b417385c750d23ce918a92ce097271e4e125642ea932470e487303bade13a7319b8afa2ae1efade6e49873df739cfb5bfb5cdc7869756ec7b13b352d577ac58203303e134c920cbda7c2d15255513a96aa7a77905d0cae8c91c096923ea55838cd65223533daea86b9ee2d195a49b36f7b0e89bfed538d81c1700c47679f518ad16f2a22b9cc1b23b3784eb5f29b0d0058bee958661384d753c183d3ee99ae6716bda5da34f076a38ad0fa56a3ab2708f569d9a304536275daa61ed3f382dbd5a83b0df9531f9fe50b6f96aee333e42222101111004444011110044440154ff008407b851f917fd242ad8553fe103ee147e45ff004b0a940a3f033bb6366b5cb250e1e6b156151e378c5109053474b2c4f1e135f52c7b41208e0e1a1b5c2a9e39e58db96391cd1d015cbbeea3df9fe959e54e6593a6a8b4b2893e224d456cd2c91e57936201cdc05b8f3e0b39b338856e17007d044dcf99cf126f63616dec0fb76117f0796be622f5e77dd47bf3fd2be77d4fefcff4aaaa1f89d15c9708b2b69f12c4f13a278c46204b5ec7191d346e7585c0d1ac6feb73d563764dd53438cc18950b217cd4ae25ac964c81d99ae6f1f3fc61423bea7f7e7fa53bee73c667fa54f62d3ce43bb3c97a37ba0ed1398e78c2a8435a2e5ddf23e5baad6b69279314736763239aa24de1bbc6519cdef7e9aa8af7dd47bf49affbc9df75078ccff4ab4ab94b96563628f08b170b9b1ec2295f4d49bb89920f098646dde2e7e4b95e5c7ce2f8b4bdf18898a49236925c2561274e80f41c940fbe673c657fa53be66f7d7fa55da9b8e9c944e0a5a92dccfec3e9b531f8cfca16df2d3fd8325db4b093a9b13f185b80ae502222008888022220088880222200aa7fc2005f02679177d2c2ad855ff763c33bfb67d9216931b73432b87f56d7d8879ec0f6b079d4a06ae95e88e983a3ce5e4697b06dfaf6f62e35949351cef867665734d974a807d91b924736f7ca48baf660f047515a1930bb035ce22f6bd85d78577d1d4ba966de340272969079822c5019a960a069d2921f5a4fbebceeef11fa1c1eb49f7d7138ad13bdbe13193ff312fde5f0e25879ff0063c5fcc4bf7901c258209e92a668616c460cbed0b8875c91cc9e8b18b273e270ba925a7a5a18e984a417b9af7389b5eded89eab1880ef869c4b19707d9c0db2e427e30174b865711d344b9ea9c4a0245b01f9490fee9fa96e02d5dee5db3f53578cd3bc4477933dad68fd5883819243d0068b0ea4d96d12008888022220088880222200888802e13471cd13e3958d7c6f696b98e170e078823985f11014c774dd8cc1f058db5747148449a88247e6633c5cfd24db92aced4ff0002a6f51114816a7f81537a8be5a9fe074dea7f9a229032d3fc129fd54cb4ff0004a7f551100cb07c129fd44c907c129fd45f514001907c160f517ab0ea5a6a9c429a0753c6d6be40d258db117e63b51148364765b66f0dd9ea311d046e3248d1bd9e520c9274b9000b0bf0000e3d4ace222a808888022220088880ffd9, 'width=\"180\" height=\"180\"', '', 'download (4).jpg'),
(6, 'image/jpeg', 0xffd8ffe000104a46494600010100000100010000ffdb008400090607080706090807080a0a090b0d160f0d0c0c0d1b14151016201d2222201d1f1f2428342c242631271f1f2d3d2d3135373a3a3a232b3f443f384334393a37010a0a0a0d0c0d1a0f0f1a37251f253737373737373737373737373737373737373737373737373737373737373737373737373737373737373737373737373737ffc000110800b4006f03012200021101031101ffc4001c0000000701010000000000000000000000000103040506070208ffc4004e10000103020303060809080807010000000102030400110512210607311322415161b214323471758191a11623447492a2b1d2e1151724425462c2d1434553657282a3c13536526473859333ffc400190100030101010000000000000000000000000102030405ffc400281100020201030206020300000000000000000102110312213104411322325171a161c1051423ffda000c03010002110311003f00d2b199cfc67717536eac7231db2d0078127a2a90e6d26369feb050ecb5ed56cda51cfc73e6ec9f78ace5f5d31122e6d5e389feb057b3f1a6ebdb3c753f2e5543beba62eaa90513ebdbac753f2c55375ef031e4fca89f59aadbabe34d56b1d22feba028b4ab78b8f8f941fa469256f2f1f4ff004f7ff31aaa2d6d83ce6946fc2cbe348a9d8d6e7465a8ff00e7b7fb50145b15bcfda01fd27d734d64ef331a5052dcb2881d2ea8554a4b8da95765b2da6c39a5798fb6a3a6b9cc09eba028b7fe74316fec53ff00d955db5bd6c699bf24809bf1b3cbacfe850148d1d8dee635caa4be165bbf3b23cabdbb2f5b86cd4e54ac5da2d3ee2e33d85b6f8495920a891aebd35e491c0d7a7f76a0838583c4604c7da298123b4fa2b1df9ab47eb5662faf8d69bb547fe3963f236aff004ab2d739f7d6d6a431abcbbd327974edd6f8f3bdd4cdd6bf787b2801a3aaa3c34b27116048b7279b5bf0bf45fd76a275afdef753671a27f587b28b02e5b56b889c06430b0d2c037616400b06c2defd2de7a8143183a67add2ec0532b8c8e45b5b974858cb9f30ebf1adaf1a8475b5a800a754a09e17e8f353b56cfb870b33c4d8f972df26becbf5f65294d47911158b88ede232530d495301c3c994f023b2a0e4ab33a7a8695658f80489a868c4790b2b0ace0a480d10ab0b9e06fc45a99b3b2b88bf104b4299e48a4ac665d8dbcd49ce2bb9329c63ea7440d0a9b8fb33884969871a420a5fc993e3122f98a80e9fdd579ad4bfc0dc68482c7829e5004923326c332b28d6fd754595e15ea3ddda6cec0ecc0e3d79a314c364e152bc1e62323b912bcb706c142e2f6e9ecaf4deef47c744ecc16350260da64250e6d2a92355466947cfa7f2acf70e8c2529eba54a09b78bd1c6b44dabd0ed17ccdbfb4551b64ddcaa986d7e6a743ebad3124e693264ea2d89b985c73c0afe951378030fa0abe374edab0c76d39936422fd64559b0bc12f1d4480d858e8aeb92c715ba39f54e4f6665d27008edac85f2a3ceafc289cd94b2d4df26ee7433cba87289f12c0dfdf5a662bb3f11d524b8f80a02c4db5350ff072336e8529c71c4037ca5b001f7d2d582b80acc55dad83656d871d71686dc6cadb5f282c2dc6fa5fae957360d2c43536fa9e3142c38a28706878755eadca6588ed04c5e550a4ab32785853153329c595296540e8403fed531f0a4fb1393c451ef646c3d916e3b288ec3f29b4253ca0485a0d93e35f876de9a33b110d09115b97390d9e681ca83a1f555cf0b85f124dee47149152316104ba5c5ea7a3b29bc7855ec8e6ac93ab28aadd9c18919219c4715421042821324800f601c0eb4d7e00b2b0a7512f18cc001aca55d435b7da7da6b4f2d2148cab2457284a32f1032fbea569f63a1eb7c48f33ef0b0c184e3a98e17216551d2b5190e15aaf750e27cd5e80ddf8f8f8fd983c5fb2b1bdfa7fce4cf578037de5d6cdb03e50d7661117ecae6972e8eb8de95673b5da0da2f98a0fbea83b23cf5cb1d88ff7abeed9688da23d787a3edaa6eee180fbd882d6404361bb93fe6aac7251926c535716916cc1f0f2b77c21fd186cdcfef7654e48c4d44043232a7afa699bce15b686d02c840b002914037b28d39cf5b08474a3a75d59d4a8d3290fa869ad3f71acc2e45307da235b5c562e2cd0685657a58d7697140734dcd281a43a9b2482471e8a1e0cea0f34faa928b0b1ec2c41c65252a4661dbad3f6b13695cd5a6de6a896d4ea0f3dbcc3b296486dc3e2d8f51abdd12d264ba4c574e8ab5f5d4da96712809ceda3311c05f8d4138d941e69229461e5b6789f51ab5364684631bf5566db160e5293e00ddc1ff1aeb65d811fa4a3b30989ddac637e2be536c1855eff00a037de5d6d3b05e51ffab89dda87c9755421b688536d6d1294bcc1701040b78a2e05bddefaa66ecae5cc4bccd7f155d36f4da263c7fbb91dfaa86e951ca398b1ea0d7f1d032fac22e83a51a98b9eda7ad36321038d76ec755d361e7a6072d442a426e45aba7202022c137eba78d7352126996353d787b095b6d8505e9af41aa49b748993a56463d87b615a0b11d54d8b6f326f62b4f51e3eda8b73189416548715989b9bea2a5a0639124252998d9697c0a91e29f57456b2c324acca39e2dd0fe0988ff355982ba5278d3efc9ec1176c0f5d131162389e5592950e85034ba42d9fde07db589b27633761281f12fe6d6934b62f6ca91e61ad3b9188371d403c0849d42d3ad2631280e69caa6fda0d3a6d702d51ba300dfaa037b66c01c3c01b3f5975b46c1f951ecc322772b19dfcadb736d182d2b327f27b7aff009975b36c2794afd1b0fb86a19436de09b42c7bd1e8efd54373ebb3d8b7686bf8eadbbc3d216d07661c8ef553f73885bafe2e502f94337faf4203588a81973d3ce229ac7e50272ad27cf6a76341af45310d243898e75275d74e8a87da07c4b8a965b49d0e6248ecfc6a42500e482b06e9b580eba6e9642c90ea8849e02d5b4125b984db7b1497a3af5274b70a4d09503d5569c420212d28a0df2f1a81e40a55d84d76c66a48e2945c5ee39c3243b19799b71493d86a79ac6de4a46742563af81aad00a0a00741a9c8a6206105c5a8aafaa40acf2463ec5e39496c98acfc45a92c290b654951d4107a69be0f05125f1cbaca11c7aaf5656604679abada0411a1e9145230e8c86123372696fc524d73f8915e54743c727e6679d77e41036cdb0ddf2884802ffe25d6d7b05e54e7a3a1f70d623becb7c3146a3c911c3878cbadbb60bcadef4743ee1ac25cb3a23c2196f10da1ed0fa311deaad6e1cde463bd3cd63ed5d58b7926d0b687d188ef555371d23905e3eafd6296027daba495b06eb766c894e53d95138b4877952da490069a1a8bf84d21f9e5b61b6f916de2ca89558958173eaaedcc4113b14545cc1254c87028748e1fcab6c7b4b72f3f4d9562d4be428efadb254577b0e069be213643ab4a102c907435cbac2d8788241d6d7be9558c636c861f29d298eb7a230f726e3cd81a11c4017e71e26ba6528c1f07971864c8a93a2f315ececa52f0069bccc350e9ce855936b9eca388b6df4e76d60a4ea14381f35258cbb2d965b187321d756e21042ef94026d724701db50e4a2b51ae384b24963ee32105c0f16c0bd8d89a978d83aa3b81c72ca09a8f5e273818e21e16fa121f437204946a0936392de30035cdc2ada95075b19b41d3db59ff006357a4da7d1bc5eb235b9d2a33c0485028f60f552afcb6b1168b08250b51ba2ffad6a6f894197302930cb494e60332ef74f985aa34419f87054971e61d2ca801c9ac85589e916eda5aa12925c332ff00482fc18befc63aa36d8b285f1305b3f5975b56c11fd31ff47c3ee1ac4b7d72fc336b595942925305b41b9bdeca5eb5b66c0f96c8f47c3ee1ac6576eceb834e2a88ede59fd0b687d1a8efd52f733263475e34b99219653664053ab0907c7bf1ab86f3d5685b43e8f6fbf59beed70d89892b123325f8296793c84a3385e6cd7e6f4dac284f706ad32eb8be58f35f7b06c630e5b321d0f29b321a0b69cb589493d7eaa570694c4579e9b89e3105529c406d0db6fa32b2d8d48d2d724f65a92f83786a0a6d8d6a09255e09aab4b58d20f6cee1f9828e359baff45ece1ebad62f7b2b27513962f0ef6f8dc9f993d9544e55c92cf24e68870ba02547a81aa2bb8361ce4d7f92c720a61495e671b5a9b2b17375242b3dac4f491a54be2184614fe1d160fe5070161e71ee5036752bcd9b870f1cdac6e2c2997e4383d188b76000ca6169c2d7f3d6d25a9dfecf3e1250b4dfd173c19f89e0bc9c292c3a1b36f8a752e651d0091c3853f5e31130c5832e436d97059216b48cc3cc4d53f00878760cfbf21138bae3cda1b3f12522c92483da79dee149ed0c1c3f199d1e599aa42d9694d652d15254090751eaeba6e370a254eb26aedf05c13b6583df9b3993a5bffd9074fa5529065a5c6526e14080411c0d65bf07203ecbccaf1403954e452844e700536d0faeaeb8748c26040621352c9432ca5a0a52557200b755671828adcd2791ca9a1e3db4b8534b750274726ffab2916bfd2aaf2313849741f0f8a84a8eb796837f3ebad4643d90c120c7e459c754a45ca825d8b9b89bdbdc3d9484ed95c2e5c55c77319e63960a288b651b116d7d55cf2c119e48cdf62e6d38d365177ba00da9458dc1888371fe25d6e5b006f3a4fa3e1f70d613bd70d0da18c98ee676d105b4857994a1af6d6ebbbef2e93f3089dc35591dcd9be15508a2277a4ab43da11ff60d0faf598eee5fe45fc40836252dff0015695bd7f21da3f98b3dfac8364b108909c97e18fa1ace11973f4daffcea0b66cd87c8c35dc29e90f84f28c25208d4dc9ebeaa87c67138c50d08884a3539ad55681b4f87c093cb353995dc14adb590a4389ea20f45379db4385c896f484c861ae5144f268364a7cc2b8b1e19acaa56e8e6bc8dd5133e1aa2b04d88b8b8078d5961f823f86489a1a6808e402d9bdcdfd759c231ac381f2b6b437b66a968db750e3c43150a8a5a578d9909255e7d75aaeb639259168baaec7b1fc7bc11c4d64abb5cfb77257119e843e9e4925b4a901596fe7fe545067b65f21d6cbc0a7448ebbd55a4e3d87c9752b32584654848d78dba4d72d63d0e3a8a999ac05116d75aeaa93e9d46fcd4795d4abcb2d0b6bd8bfbcfc6650e13149085e45109581a8eda85fca0a01254788bd4349db169e5693990d8f150a39b28f5d30fcb300d8198d5869c6a3a5c7385eb7f66294fd89e18b053f392eca533c830a75a01b2ae5142dcdd385efc4e94a27144226c469b96a9087590e2eed9464511e2ebc7cf55d6f1a8cc392951b1269b12992c3a02c73db36b8e1d95d398dc796f475ccc4d973c1da0cb7995e2a0701c2bd673c3a39ec42593570c85de22f94c7d2aeb8e9fb555e80ddef9749f9844ee9af38ed5c86256261c8cf25d40682732785ee6bd1bbbb379d27d1f0fb86bcd677ae1109bd955a16d17ccd9ef579f96aadf77ba6d0b687e6ac8fac2bcfea340ce5469251ae9549d2041de85e8a944a13933a9440bd85850338bd0bd2894b3face2c7993f8d75963ff0068efd01fce8011bd0bd2af3494210e2145495ded71622d48d001de85150a003bd7a977706f3a57a3e1f70d796abd47bb6379924ff77c3ee1a0081df01b42da0f9bb1de15e7f51af416f6595c9631e69a00ad4c3161d7adebcf6b052a2956847107a2988e49ae68cd152182960b6cb210bb821598102feaf7523428014b35ff005afe87e344727428fad3f8d714280145ac16d081fab7f7d274285000a14285000af516ecbcae47a3e2774d7985969c7dd4b4ca0adc59b25238935ea1ddcb458c46632ab666e0c549b75849a043fdaed9b8b8a2cbcb912985b9952e722a480b0385ee0d550ec0e1a49bcc9ded6fee50a14c40fcdf619fb64ff6b5f7288eef70b3f2c9fed6bee50a140c1f9bbc2bf6b9ded6fee517e6eb09fdae77b5afb9428500743773857ed73bdad7dcae55bbcc2c0f2c9ded6bee50a14003f37b85dafe1737fd2fb95c8d81c33f6b9bfe97dca3a140831b05867ed333fd2fb94676130c1f2997ec6bee5150a00e86c4e1ed5948952c1eb1c97dcabc6c9610cc16df94975e75f78250b5ba4704f0b0000e9a2a14023fffd9, 'width=\"111\" height=\"180\"', '', 'download (5).jpg'),
(7, 'image/jpeg', 0xffd8ffe000104a46494600010100000100010000ffdb008400090607080706090807080a0a090b0d160f0d0c0c0d1b14151016201d2222201d1f1f2428342c242631271f1f2d3d2d3135373a3a3a232b3f443f384334393a37010a0a0a0d0c0d1a0f0f1a37251f253737373737373737373737373737373737373737373737373737373737373737373737373737373737373737373737373737ffc000110800b400b403012200021101031101ffc4001c0001000203010101000000000000000000000405030607020108ffc4004c10000103020303050a070e06030000000001000203041105122106133107415161b114223671738191a1b2c1153253627274d1082425333442526364849293c2f016234382a2e175d2f1ffc4001801010101010100000000000000000000000001020304ffc4001e11010101010003010003000000000000000001021103122141041351ffda000c03010002110311003f00ee28888088880a1e31884584e1359895435ce8a9207ccf0de24341240ebd14c5af72846db09b41ff008e9fd828341c7f94ac620aa3044ea3a40e607c796174ce2d3cf7245b507f37a3c4b5fa8dbfc7e7e38cd68f210c4ced6aa4da739b1580fec51fb4f55ed417f26d5e2b28ff003311c564bfe956b99ec5945763352ff8eeab7fd3c4a73fd4ab17d2dccd2dd45c5b4413fe1079e305fe954c87b4af26ac9ff408fa35320f7aa7f83de4eb8856ff0038af430f9070c46bbf9e505c36ba567c4354cfa35f28502b36c316a1a83152d7e22ccbc7eff91dda57da784c2d21f3cd3389be795e5c7c4b56ad7ef2b2677ce2106d50f295b59091bbc66a2c39a421fda15de19cafed5b658e3965a2a9cce0d1bd82dc4fcdb2e68a5517e5307946f6a0fd39c9d6d84bb594759dd74b1d3d551cbbb9044e2e63b522e2fafe6adbd724e425df7c6d137f69bffc9ebada022220222202222022220222202d7b94119b6231b61fcfa391be9165b0aa1dbb17d90c507ea3de10700da037c4698f4d0c7ed3d426a978e1fbfa94fec117b4f56b2eca56431d3c8658dc2681b30b03a070bd8a0a15edaad8ecf548173233cc095e46075005f3b7f84a0c4cc3667027334b41b5da0bafa81c00bf3a90703ab0ec8d31bdf6d1ac24dcd81b75137d015f3e04aa6f38f4597c183d40fce1eb411b17a2970c7b99316386ef3b5ec376b87579c11e65a1df3389e9375be57e0f5068e4635cd05c2c343a2d7bfc3354de3237cec21052852a887df507946f6ab5abd93afa3c9bf7301737300355e714c226c0b1e661f512324923746e2e67039ac7de83ad7217a57e3e3a6627fe6e5d75721e43f4c4b1a1d32c9ea78fb575e404444044440444404444044440547b71e09629e40abc545b73e08e29e40a0fcf98dfe594df508bb5ebac5655d1e1d80d0cd56e21b2d34508362750cbf01d0b93631ad6d3fd422ed72ddf6c6a659366b0a0ed1ad2cb7f2ca2b31c6b0671b19dc5bd7095e1d8be0f7ef6793f90a96969e6a8d9a6bcd13ded18844d1245080f730878233db5efb28d7406ca58a58aab0a85b521f86410cad89f2cd0b6d382f792e6bf2e62e02c08b91a0e08892fc5f0e1a3640e1e49c17c7d4d23aa9f4cd6974cc2ebb434f30b9ec553b56218f1184d2b208e27d1c0f0c81d76b6ec1cfcfe3e7e2bcd656c1162750f348c7499dd77091edbf4f07041615f252b2073e563dad045c9849238585b8f38feeea1c8208e4635cc734bc02098ad7d40d0f8dc3d375171192a276eea3c2a47b728cc23a993a1a75efb4b0cbe2d39d4290d7b5ce95f864cdc8c738b9f52fd1a0824fc6e9b7aba905b53e33865454cd0d3ea5f096642dd07017e1fddcad736daaa3acdb1dfc21c18e10d83ad7d001ee5eb67e7a29313718e08a290b1c4bcbde6fa8bf12a1ed1b6db48c05a1846eee01bdb541d4b9111f84f183fae9bdb6aebcb8ef228e231ac55b7d0c95171d3dfc6bb12022220222202222022220222202a1dbbf04314f207b42be541b7be08629e47de107e7cc5b5ad83ea30f6b96fd5786478b6114306f1d1b9ad63aed6075fbdb70f3ad031237ae87ea30ff52ea181d43238e8cd8dc46db5efc72a0d7e4d869236190cb35ad727b98e83d2a28d9984eadab94feef6f7adca8f15da238dcddd904430a25f91c1c2c5bae4cbadefc2fa74dd5456d5c627cf09de30ca7bc6f38bf0e0b78cfb6b8e7e5ddc62ea2a5db3c053eec54476bdf36e40771e9bac55981b659a4a8754e5ceecd6201f7ade36e6b60926a16d3d3e40587338b2c0ded669f158e9d6a8f04651c9b454f1625b96d318dce39df91b700db5d39ecba63c59d597f396b9cf26fecb3ec6995f824f535534acc62a333ac5f95c6ee3d27bed7cea37f866b1ec2062754e69162339b11d1c56dbb61161d1ed3c50e0ee89d03e9839fdcf26f7bebb81b9b9ea551162cca4c458c9669228d8eb39f1b3be0d238869f1af37f3aff44cdc7deffbf867cb797dbe7de2a2870318555efa496527296db201e7bf9954631638f3487176acd49e3aadaa5abde4923192366630e9233811d239f5f375ad571621d8d3481cece6b2c78777789ad4e575c6bda75d479153f87713f2951ed46bb22e33c8c1b63f88f5cd51dac5d99756c44440444404444044440444405afedf781f8a7921ed05b02d7b6ffc0fc53c90f6820fcf75e6f5d1fd461fea5bc55d54786e1b473163de5e18cc8d3620e5bad16b4fdfeceaa283b0adb1d0bf71482b9bbe89cd191809273169b5edaff7cea5bc5ccede3dbb68267d3ef9b0566e8b8b7387dc1239965c36b64a9826afa66eefb988b9d43ee4db423871e95ea928cc143dc746d99cf1297b8c91b9a63b803a05c687828524b051cd574187099cc25a1cd732e5ce68bb9dc34d47568b38ddb6cae9e4f1e739965fab276275388bdf4f555120c83398defce2c05f36971ceaaaaea59dc91c8698cad9091131bc5de21759b09aa9a998f826a79334ef3bd91ec3de34b40b92475dede251707ac7b312837b01a9a4a7cd11b4199a03af62e001b7057db53ec4f5c5e457d4cdf0339ac9f0c9698c96bf7c05afc3371239d56d663b4124ee6be94cce8c96e6b8bd87a0db9d5c728789d13c51410d2b63aa75435f532089cd040d1a2e74e079ba02beaaaac2e4c3aa23c1e9e09a18e5ddbe6103ae09ef8b6e1ba801c39f9d2eeeb3eda9d2f8b177e9142c84b705a3c4e1644da5aa25ac0d3df070bdc1b0ea2b57c49d9b17693d2c56b26232170c061898ca1a52e9a301844973c6f73c3be3cca9eb2e71104f1bb6eb7f3f1ca4b9bcaea9c8b8271ec44f309aa2fe962eccb8e7227ae318af959bb58bb1a8a22220222202222022220222202d7b6ffc0fc4fc90f682d856bdb7fe07e27e487b4107e77a937c407d4a0ec2b758e99f2d3d2383c87c618e6381d410169131bd7fee507615bd51c85d4d0f733992598dd1aed7874141962abab824766a9aa1985880f1a5afd4a23e0a56d43aa21ac985438dc97c6011a5ba7ec595f552b6ed7d3687897120dba9627cf0bee4b41e7d42713ac558faa747dcf355caf61d7292402a9ea0d45000fa57ca0b8ddc227969e7f4f13e9570240d160dcccb7c53a8502b4c2e22e435d6be5e843aa7aa30e2232d74b3cc1a7386cb23b43c39965a2268d85b41553c00924b6390e57136e3e81e85f64a18e468767d4f1d4fdaa2c94b2c4c07312db680f7c9f13b5e65637bb24ab739eea893e3389bdfcfe655d5af2fc40389fd15344b19d266920680d8e9e7502ab2f7582cbdb4e284bdaea9c8a3cfc375e01d1d2cf7ebf88bb42e2bc896b8cd69fd6cff00d0bb523422220222202222022220222202d7f6fbc10c4fc90f682d81506def82389f921ed041f9c9e6f5ff00b9d3f615b253dd9146f63883940bf1f5ad649bd6fee74fec95b14198c4cb107bd1a144a9b1d7bd8d2d7b039bc06ba7a382f62a29e7cad119649d47dc7fe94273c8f8e0b0fa47dab13de740e176f37384169dcf23b463379d4de3e8ff00ea87514796691d552c74c00d33bc12eff68d7d4b03672d1a3ec3a1da80a966a873e573dec6bfe70b5d13ab99292ec2f86b22786816cb736f395126865635c1cd739a34cd7bb7d3c1406baedbb24b1e71c17ceea3159a1ae8471258e22fe343acf242ccba5dae3a954d5ccddd5e5b8d2c7456fdd2f94d9ac611f3071f18fb154622e0fa9738127bd1736b6a8b1d4f90c687e255ee3c43e623d2c5da1718e41b5acc40f5cbdac5d9d144444044440444404444044440541b77e08e27e487b415faa1dbaf04b12f25ef083f370fcb01fd8a9fd92b62a485d388e38cb41cb7b93600017bad759f9537ea54fec956fbe96185a6191cd2465363cc46a87efd4f8292aa7a37553220220e0d179402e2780038f0f52f54349dd54ee9a2a8a78487e4ddc93e571e1adadc35f52d92931614db294af99ac7bcc7b8822730125c340ed7996a91c5dced9a92a692074d1cc5af7be4b38116b8d2fa69dab39b6b7bcccf224c940ecae6ba7a407217026a801a103536d38fa8ad7312a3187534751dd34f2e7706e582a439cdd39c65e1a1f579acf14aba68e95f6c2a8dddfb580194db536d74d78ad7fba68591efce094766b0676ef9c0ea6f768b743871e8e8d169cf8c46bd8ee2d7dfa738fb17d6d6b40b0cf6e8cf7f72c631ba1cc6d8152069208bc8ebfa7fb0bd478b516f337c0b4f6cb6037aed0dc9bf60f371287191b3b5f9b760b1d6b9b1d0f9960ab2e748e2f70272f1bdd7c64d1cb2dd90eeff00cb0080eb8360d1702c2d7b5f9f8a4fa9713fa287ebac72026f2d79e9de76b17675c5fee7bd5b5a7e9f6b1768451111011110111101111011110151edb8beca625e47de15e2a5db317d96c4c7ea0a0fcd30fe511fd469fd92ad9bbadd80e7b4f51074f52aa87f288fea54fd855ee058851514b2fc21462a639006dac0968bebc7d3a7401ce83103169fe6b74e02c745f32c4f7139d84d893981fb15c3f1cc15ec23e056e8e2583bd000b8d34e3a0f77055588d55254561968a9fb9a2c96dde9a1b1ff00af5f88055632690c4c8e57460137f884fb953eea86e72ba0fe51fb14daec4e86926aa8ab70b657ba5a4747039d3399dcf21e12003e311d0a95f5f4ce120650b585cc6b5a77a4e42389ebba27134414c585ec7c22c403de1e7bf57515edb1d391f1a06bba98e20fa956c72de178bfe7b7b1cae367713a0a0926f84a87bae293277832f06924b7be1c0e97b7e88e9d071e636423e2cb10e92d07ec58e76db377c1c0b7885271cc4e0c52b639e9a945331b0b63c82da904eba0ebf52884de23f44a1c758fb9db5a7ac3f4fb5abb4ae2ff0073a0fbcaacfd2ed6aed08a22220222202222022220222202a8dae17d98c4c7ecefec56eaaf6a05f673131fb2c9ec941f9920fc7c5f5283b1ca580a1b1ec8e78f3b837ef286d73f494815107cab3d28330017d5885441f2acf4af86a6003f1acf4a0d73157e7af94f30d14559270f7ccf7e4777ce2782f8d8a427f16ffe1283d3165605f1b04b6fc549fc25656412fc8c9fc0507a685ecdb76eb74146c520e31bc7fb4af4f6bb23aed2343c420eb5f73a0fc1b587acf685d9571dfb9d07e09ad3f3bdebb12022220222202222022220222202aeda4f07b13faac9ec9562a16370bea306af8226973e4a6918d68e725a4041f97627b595118738349a386c09b5ec5cac29dd107174cd73da068d69b5cf59e8512b286399cd3253073d8dc8fbb356b813707a0a8670ea70ebb448c3f364214e8bb99f03d8d30c6e8df7399b9b30234b5bd7ea50eb1fbba595f7e0d2a0f72387c4aba96ffbeebcc947348c2c7d6cce69e21d6545245bade377f9cc7f9dbbb66f35f4596614640ee61539afaef8b48b79829ff038f96ff8ff00dafa30868ff54ff0a0af00742cf0640f6991b99808cc06970a60c2e3f9593cd6fb17a186c7cf2c87ce3ec4095d4ce899ba8da1e5b725b7163e73e351e4735b13c92077a78a9430da7e7de1f1bcacd16151bff17466423e61729d1d3fee7420e115ed1c4385fce4fd8bb0ae5bc8452c90e1988cfba2c82491ad8dd6b0758baf6f485d49504444044440444404444044440444415988e0384626fcf5f86d2cf27ca3a319bf8b8aa69f93bd9b9b56d34f15fe4ea5fd84944414d88f26b82c4d2e8e7ad6f5668cf6b16a9896ca5052076492775bf4b27b9a88b2282a30fa78ce8d27c6b3526134b39b3838788a220bda1d8fc3aa2d9a5a86fd12cf7b56c341c9ae0d3005f535de2062ff00d17c4417507269b3d1589156ff001ce5becd95a536c76cf53db2e170c96f97265f689445a177146c8a36b226358c68b35ad16007897b4440444404444044441fffd9, 'width=\"180\" height=\"180\"', '', 'download (6).jpg'),
(8, 'image/jpeg', 0xffd8ffe000104a46494600010100000100010000ffdb008400090607080706090807080a0a090b0d160f0d0c0c0d1b14151016201d2222201d1f1f2428342c242631271f1f2d3d2d3135373a3a3a232b3f443f384334393a37010a0a0a0d0c0d1a0f0f1a37251f253737373737373737373737373737373737373737373737373737373737373737373737373737373737373737373737373737ffc000110800b400b403012200021101031101ffc4001c0001000105010100000000000000000000000503040607080201ffc4004f100001030203030608090709090000000001000203041105122106133107224151618114327191a1b1b2d1153542727475b3c1f0235262646592a216243334738293b4d25354556394a3c2e1f1ffc400190101000301010000000000000000000000000102040305ffc40028110100020201040202010501000000000000010203110412132151314114322223618191f005ffda000c03010002110311003f00de28888088880acb16c463c3290cf235cf7173591c4cf1a47b8d9ad1e53ef57ab5f72a55326e4321739afa7637239a6c5b24ce31e61dad66f08f2a0b2c57940a874d24187b25a97c6e2d924a69190d3870362d123daf73ec74ccd680a126da5c56a1c4be9b2fcec66a8fa199028a8c3238db1c6d0d63006b5a06800e017acca742e4e2b8b3ae08c36dfa6ca994ff0014ea89a8ae93c76e11dd85b4fb4e2bc665658951beb03435d08b104ef622f22d7e1670b5efaf1bd8756b3a42edcc9ddc7e0f1f370aa7fbdaa99824d4b9f456e9be174dfe850cec025249df526bfaa9ff005a8ec6e85d85d03aa9f2523ece686b05396e627a2f9baae5408f7ed9563667eea8f0a7461c721387c4091d1c0055a3dbec4a3f169685bfd9b1f1fb2f0a23e1c96c40a5a517fd177fa946cf219a5748406971bd9a345096674fca4e2b13f316c83b22c42a99e8de91e852d4bcaee231b9b9e5c4d8d1c7256324f44913bd6b59220e94d8ee5361c45ccf09a8dfd339ed8e4924884535339c6cd2f0d25ae613a676dac4ea02d9eb8d364e76c58ed2c32eb4f54ef069db7b0731fcd37f383dcbad364eaa4aac0291d3b8ba68da6191c7897309613df96fde825d11101111011110111101111016b4e529fce9be994edeedd4a7d6b65ad5bca43af2567e8d7537d848830ece99d50ce99fb5590af9d48d05147574534a5e5b2b1ed6b6ef01b6240f2df5ecefe0a1f3a67083278f08c3df3c83c31fba05990e76dcb48d7a38dd615b6b454d3be8291b34972d92478cedd5c2e1b616ea07a7a7a15f660b5ae3555e1b8a54ce082d73ecd37f92341ea51224d983503dac22addacb90f3dbc378e68e8e90d50d88c0da6ac92161e6b6df2af6b806d7b0f52b745097c45f52df8ba0a94af31d4c52378b1e1c3b8aec4d9601b495607015b37b575c7508fcb341eb5d89b2a6f4b5bf4e9bd6826d1110111101111011110111101699db391cea8c7f31272e33001e4f077adccb49ed99b54ed1fd734ff60f4115834b03267bea20df580cad2eb0e9e3a6aa61b545eda9632281ad9de5d62c072dcf0e1aa81c0832492512700074f95643e05bba5f0a746e6c39834389b6626e74eb1a2d15888ac4cab3b58ba8fe6dbaecbd454a6e5ae682d1c4e5bd949410c6f8448f919146e2434c8e3ce238d8004f7f05f6489b0bdd1bee0e9a075c11c41b8e22daa4c57e94f289c5a9a4c3f0f966c8d2258dd1c4ecbc4b8168234e826fdcb109aa1cc6d50f83c0cee224bca0e505a5a35c80f6937bbba4acdf1b6ef5b4b406a616be4e7c7049210e37f16da585efc0917d163cdc35b244f7c93470b18f11de771199da9cba0274b1f22988ae9499b6d8e4185cb663da1a49d40cbc42ab598439f06f9ae88e5e200e83c0a95c90d24bba6ced91bf25f1b8903b05c046be28896927210411d878a4c5559ea62eca434d521ef8e29434df23c68e1dab22c371d8a92aa42dc030cb5465e6c432066504585c3b43e7ed2be5551c71eb2c52003e51bdada8fb8f9951741044e69731ed73083627bd522622770999998f2c326707e2b23831ac06671cade0353a05d75b226f495bf4f9fda5c8d3b4b318959d22770fe22bae363ffa9d77d3e7f69716984f22220222202222022220222202d1fb6c6d53b4bf5c53fd83d6f05a376e8da6da53fb629fec1e820706ccedf161d465fbd4ec52bdf86556f5ce244b00b93d1964b2c7b67dcf73a70c05c79ba79d4fb378e85d0b98ec8f735c45b8917b7b456ec54dd2348dc3ec50c9344c927a83153457635c45c9d6e5ad6fca373e417d48d17a35b2cf24ee89ae6c4d89ac2d26e5b1b72b45cf5dc36e475f52a824a96431c6c653bd9102d689216b880493c48eb2546e2b24a29679cc218f0cb3431995b7e03876d9748c5332accc22b11789b137627894ae2cbb4c14c0d9f50d6e8d3fa119b1e71e22f941e22a4788ccea38cd4d1c5249513cd51be96ee6bcb880ecad074b169e37e3a5ba61a5c571574fbc9e828267901a643431971b0005f4ea00772bba0c42a9ac2c7c113a22f2f114d0b4b5ae3c4b6fe2f01c2dc05ef60ba4f1e75e61c2d31ed5b15a10f14d3d344e678443bc744c25c1a43dcce6dee6c725f5bf48d6cace2a796ab2c609125b8b8db9bc6fe652edaa9aa5e5f3cec6c9a58e66b4580d0003400750d15b499d952da864d1e76fe6bc2e36c36d78873ea5c44dc6a2642d6c8013789a45ada580d7b728ef3af12a2abe92a5e1b5133d8e1206006326c45b9a7bc0e9d745793ba7deb24154e7349d5a25d45cdefc78dc03dcab649679e364d54d9185e3432822fc3afcddeb1471af59dea3fd27adafaa4df1c9c9e9a977b4575a6c71bd1577d613fb4b936b9859b4352c3c5b54f1fc457586c51bd0571fda151edaa3647c32144444888880888808888088880b4c72a4c6452635bb686e7afa473add277126ab73ad33cad68ec60febb47f61220c6b605ccf851c647656b4b0939335b8f474ad85592d3cb4f242217890b878ac20b8f37524f4d81be9724f40256b7e4faf26272b1bc4b4580e278ada8e64e5d7cb880e36e6683d0b557f5867c96d5b4807c108749ac9974c9d67aefa289da1645e0d1c3139e5cf792ebe8328e1f8ec595ced0f8c7850ac16b5eecd01b76ac53146896b64dddcb1a72b49ea0b463b4ed9ef6d4203c157df045282027a17b6d3f62efd72e3d4a584eccd662534619139b0b8ff004ae166dafd07a566b4f81eced1b370fa1133c686491c6e7dca1b039aa696b21ddb9ce6077884f474dba96574ad8e19df2cb14350c79195cf78e6ebd4bc0ffd6c9cb9cb5ae3b6aaf4f83d89ada6ff002c3b1dd8c9237f84e1504d2d239b7366e62cf7850f4f45346d6c632eedd2349f38f705b61f8d00591c4d872826da68dd3d0b1fc6a38269448c82389d139b9f280dcc2edb1b77af4b8d9b24638a64f33ed973d6bb9b527fc39f3191976b3101d55d2fb657546c37c5b5bf58d47b6572ced000ddb1c50740c426fb42ba9b61fe2eadfac6a3db5927e5b2bf10c8d111424444404444044440444405a5f95e3a62ff004ea4fb07add0b4a72c079b8c7d3a90ff00d87a0c3762aabc1aa2a6417cd665882011e32cc9b8abde3facced3dc562bc9bd3f854d888d39ad8b88ebceb3c6e14d3c5adfdd5b30cc457cb1e6b445917357cac89eff00841e328bf399ff00a50913eb1e6e31389f7fce3659556e0b13e10c2d8f9c75d159b767601a8118f213ef5ae97a47d32df242319057b868fcdfd9c81556c358df18bbc9723d4a51982b19e2b9bfbcaee2a37c5a0907a1758cd4f50a77211f4a40204f0487b5b33bdeaf9f40c9d97a7aaa885dd4f24fad5db183e588dde50aee06d30e2d6b7e69b7deab6cb4f498c9087651d5c7a4c6491bf9d1c8e3e8ba9aa0a182a6011e695ae0e0ed6679693da0955da689ba99834fce0aa475787878bd558f5e5b9f3ac79f934d784ef72e6eda26966d862ad3a16d7ce0fefb97536c3fc5d5bf58547b6b96b69487ed962ee69b83884e41ebfca39751ec19be1759f58d47b6b0bd68f864a88889111101111011110111101693e58b46e367f5ca2fb1916ec5a4b965368b1bfa6d1fd8bd0621c9cd4c704b88991f973362b7f1ace462f4a3e5dfb96aed94df39f54206171b33ff0025bab09660668b356e1b9dcd1706283300d007136eb3d3d6156f9fb7315f6e7f8bde9b5a3e98bd5ed0d389886c6f3974bd82b73b461bc2103b5cfb2b3da28b0d9b147bcb9d4e00b6e61658bb53a9034bf4772ad80e1f83ca6491f4ae76eed61506f9b8eb6ee4fcb88c3dcd387e16f3f67ed57f94c2f6cd08ec1771f52b987179e7d638a570eb11651e72556c4051c3452c94b1434f23080d31303736be4fc5d43d3ce65ab804eede03236ed712eb8b8f3260e577a3e34a72389d8b74ca64620fb73de07f7b37a97af0b73bc5b9ed25647261d8337158a99b430089ce2092f7dc8ca4e873583af6e691a8b91c0db140ecd5b2b20686812380b6a40bf5f4272ed7c34ea9679c7a5f46c7c9e3b88ec53585e16d71134fcd89ba9bf12acb058e1762b0d3d54ad63342e3700b89e03d4afe9a7906273d2be7749131b9a32ee917d0f9962cfc5cb1c79e45af1ad6f49a53731e1cfbb465bfcb1c54b459bf084f61d433b97526c10b6175a3f68d47b6b96b6939bb5d8b7657cfedb97536c1fc5959f58547b4b6d6775897ab0c9111158111101111011110111101690e5a348719edafa4fb07addeb47f2d9a418b7d3e97ec1e835e6c63ea37b58ca573838b185c1a2e4819b879d66431bc66968c41043cdf139f15c8cc41ee2486f982c0366a77c12543e391cc759a2ed711d7d4a5aa711a995d94d4cb9458eb21e3f8b2a5ab59f953bb6a4cf4fdaff1096ba59a5aaac8dd1b9f21ce48b73b89f271eb5eb0e92b1877944c73efa1fd2e1d1de35ed518eaa91f186cf51248c06e1ae7922fd815cd2495b2348a315018d373ba0e363ddc387a15662bd3d3af0e7392f37ebdf94949055ee84b531c84378b89248f4e8bcc333f331b0801c48ca00e27f1ff00d5408c437644a2adb1702640fb7a57a89e29c82c27783506fa8edbacf6bc63fd5cf24daf3bb3238b11c78bcbdee0c25d73fcdc6a785fab86975e29e7921937591c67f9432d8df89d1428adad75c3669ec7426e75f2752b8a77cac9010f71a979d5d7d5bdfeb2b3f2b917cd11179da231a6ce18eadaf150e9e785d1b6e5cd6db5b5ac15cecfb648b10d269e585973cf6d8137e36eb24797450d5b5b511d28869b7ef0e2417b438dcf49fbbceabe133d4c54f9a732b5d2bef675c7e3ad71cbc9e45b8fdbb5a7a75ad6a1af1e3aee3db55ed23f36d4e2cfe835b39fe372ea8d84f8b2b3e9f3fb4b9471c39b1ec49c3a6a663fc457576c2fc5b5bf4f9bd6bd9a7eb09648888ac088880888808888088880b4772ddfd5f14fac297fcbb96f15a3397136a6c4feb0a6ff002ee41aa704786f84171d2cdfbd6f4c3f13aac470e8a2c38196ae37932b03b9e5840b100f103507ab4eb5a1709b13283f2b281e9598370ec7ae4b25639acf94c91a7a48f2eb636eb5979383bba72b4797cdaaaa3558ecb33aee796b46bd814dec4beab208a9e39667bea348a203501a09f269d7a2c5eba19e9a702b1c0ca581c4820e9a81c34e857987c3884b4ed349b8313b9c77b1b1d6d4b78bdb6f92741d97e2172b63fe9c63f4e9c5c918b2c5eccff6fdd2d38c4a06d3490d33991981ced43ed2459ac75e92561db3d4de138de1d1bc90c7d5c4d2476bc0570cc33106c52b66753b62ca4c8638a36676b483c5ad06d700f997ba08de671253c8c89d0da46b9ce0dd4116b5fa6eb3eba67510b7272572de26bf511ff7db6fba96b7c2774236e4ff006d9b9b6f5f72d498de4a3c6b11858f3cca895a64e90d0e373f8e957d2e2bb5998b63c424b939400e8faedd5dbc16278f3aae2948ac7074d504c923c381b9bf0d34e2ab5e2e2a47f089f3ed7be49c9adb3ed8ca9157b3f5d2783893714f23da7785bb9d5f636e9e1c3b156db773696b994cda7f07b06bf77bccfd0e17bad7f8241575303dd14916ed848c8e7b5a4f0278f97d07b15ecec9e96dbfcbadec5ae041b71e0bd0cb9e9d8edf9f8d38530ff3eafeed778a9be315c474cf2facaeb1d85f8bab7e9f37ac2e4bc474c52b07fce93d6575a6c27c5d5bf4f9bee5a2bf10bb2444452088880888808888088880b4572e67f23890fda14dfe5dcb7aad17cb9373418991f26ba989f26e1c106978677c0496006fc6eab8c4e702c0476eab1f7ab23c57c446a17bf09cfd4cf32ad16375310b36387bda75f4a8c5730d0554e436181f2388cc1ad1736ebb2acd6b3f306a12876a2bf2868653803a987dea9cbb475d2801cd86c3a034fbd5b7c0b8a1e187d4ff008653e04c5071c3ea7fc22abdac7e8d43d8c6eadb26f008b375e53ef549d8a5439c5c432e78e8be3b09c41be351ccdf2b6cada58648ac5edb03c0a9edd3d257f1e375518b35b177b4fbd541b435a078b0fee9f7a8844ed53d2772ab2cae9ea2495fe3485ce75bacdcaeb9d82f8b2b7e9f2fdcb91608dd2ccc8d82ee79ca07695d73b0041c2ab08ff7f9bd602ba19322220222202222022220222202d29cb652ca6b310880fc9d45253ceded731ef6bbd718fef2dd6b0be53b05f8470b8eb18dbba943d92d86a619000ef310c77f750728b810482be2c9b10c1993cce88cd052d7b0d9cc99c238e7fd26bcf3413d2d361d47a05a3f64f1e02edc2ea656fe742cde83decba08459b6caed9d4e050324c3e564554d84c2f0f361236f71af5ac765d9ec6a2179309c41bf3a9641f72b47d05645fd2534ccf9ec23d683669e58b6988b34529f2c8c2acea3954da99c5b3d333b448c1f7ad706270363941f9c13767adbfbc1065f55b61b415e72d562c228c9e765a91c3c80a84da2c461ae9e16535f750479731162f713727f1d4a2c44e26c2c4f6382accc3eb24fe8e9677fcd8c9f520b64524dc071770bb70cad3e4a67fb9541b3d88b00755422963e97d4b84407ef58f98141e766699d538ed0b1a35dfb08ee375d4dc9ac4e66c953ceed7c2e59aa9a7ad9248e733f84b568bd83d9e7d6e22d870e2e7c8f0636d4e522c5c2ce7807835adb9d789b7605d314b4f15252c34d4ec0c86163638d83835a0580f320aa8888088880888808888088880be39ad7b4b5c01691620f4a220c331fd82d9eae71926a421c7a58eb2c3aaf934d9c6b898e29d87ac3c7b911488ea8d8fa3a569f07afc4e2b7e65496fa8288aaa4a9a6b88b1ac645bf5f93de88a0583ea71265f2e378bf7d7487ef548d7629ff001ac53feadfef445202a31179e76358b7756c9ef57505254549b4b8be2c47d35e51104bd1ec5e1f587f9cd5d7c9f3a707d614bc7c9e6014d1ef1b14ae70fce70fb822281b2f64703c3f08c3627d0c018f9580b9dd3e4f229e4440444404444044441fffd9, 'width=\"180\" height=\"180\"', '', 'download (7).jpg');
INSERT INTO `afbeelding` (`image_id`, `image_type`, `image`, `image_size`, `image_ctgy`, `image_name`) VALUES
(27, 'image/png', 0x89504e470d0a1a0a0000000d494844520000009d0000009e080600000028b20878000000017352474200aece1ce90000000467414d410000b18f0bfc6105000000097048597300000ec400000ec401952b0e1b0000000774494d4507d60a1a0c272e72aebc060000000774455874417574686f7200a9aecc480000000c744558744465736372697074696f6e00130921230000000a74455874436f7079726967687400ac0fcc3a0000000e744558744372656174696f6e2074696d650035f70f090000000974455874536f667477617265005d70ff3a0000000b74455874446973636c61696d657200b7c0b48f00000008744558745761726e696e6700c01be6870000000774455874536f7572636500f5ff83eb0000000874455874436f6d6d656e7400f6cc96bf00000006744558745469746c6500a8eed22700001b5449444154785eed9d09701be775c71f40dc3c018ab715d1a42859b29c58b6235be4a4bee22492a653274e3cbe268d330ed526cd5813c5b193a647a69e8ee3741aa949dd9a53c7493a39aaa6b19d4e28c775122b1e51138f2df990a98394484ae24d02e0859300fabdb7fb010b1027412ec8c5f79b7924b0bbd80b7fbcef7bef3b5617618040a0227af9bf40a01a427402d511a213a88e109d407584e804aa93327ad5e974f22b812077d22545d28a2edd0705825464d28e285e05aa234427501d213a81ea08d1095447884ea03a427402d511a213a88e109d4075447278190c0c0c80cfe3a3d70d4d0d50555545af051299b42344972563636370ecb7bf83e1b15179498cb2f272f848c74760dbb5dbe425c58d10dd0ad0dddd0def9c7a1baa6b36c096b63630994c60b658c0eff341201080f37d7d70796808767774c0debd7be54f152f427479d2d5d505d39353b0bb7d37d4d5d683c55643cbbd1e0ffd47bcbe49181f1f8f0ab3b3b3535e539c08d1e5010a6e7e6e0e6ebded36703836d1b2f0cc2fc0147e0922e129d0e937c0027c1ec2e69b41c75e8d4f8cc1899e13452f3c21ba65a2145c63d387c0eb7e0b0cf37f05b5356f82d9246fc4f0ce1860daf35198883c09368b4d088f214497231830fcea57bfa2d7181c3434b5816bf475b078ee81fa46172df7fb62aa335b02f4ffd2d066180efd104c0607cc7b24e1992d6678e0c107a1bebe9eb6291684e872a0e7f87138f6da3168696e860f5ebf93043776f105a8d23d0475f58138b12582e21b1bb1c344f03f21a86b8189e901387be60c0c0d0cc0c75970514c0186105d169c79ff0c1c7db99b5e5fb36d1b6c6366b76f84e9c1ff80d2c8a350e560de2c9c5a701c2ebc01e7d3ac9ed70eb3f38370e5ca1578ffdd77a1a2b2121e78e0a1a248ab08d1a5c0ed76c3850b17e0adb7dea2ba5b537d036cbe662bb4b6b6b2b565303df00f5003ff0826c76256828ba20f40c06980b3d35f014fc927c0e3f592f030a532313505b51b36c09d1ffd285cbf73a76693ca42740ab0be363c3c0c43838330c80c696645e926664d4d4d60b16c0097eb32185c5f846adbabb43e1ffafa77c305ffa36030dac13bc78e3d364ac5edf8c404addf75f3cd70c30d37d0f1afbefa6a5aa6058a56742830d7b48ba2c9f19151985998278f86ad0795a56550d7d84079377bb59dc4e6f34d817fe46930f9be07950e691fc13c9ba6cdd600b886edd037b90f46e7f7c0ac47cfea851e989b1d03b7cb0943972e413018a46d37d4d642f30736c156e66d31f068611e77bd062045273a2c368f1c39121518b2a1ba1a1c0e07945754d07fabd54a424330320d2ffc0fd8023f8552eb1c18acc9c516f699e55712fe885f7e15c3ac8bdf06315bbcf47fc6592e89cf751dcc063f10159fc7b300b33333e063e29b923d20673313ded7bff9cd75570c179de830bf86dc78e38d9437c316048b35f6a5e9600abcae334c44af8131d40dc6c0db4c6cf24a4648a77893c0b83b0017fb8df2bb182d9b256f85982d61b09ae3876fa218b9f866bd7a18bd780dcc193e08d3ee4698f4b742c06fa07581808b895112338ab1b7b7176ebae9c3f0f5bffe062d5b2f1495e8d0cbfde0b9e7e0965b6e8186c646f2682430ff393084cf33ff75060cbe3fb22de7b2121a8aeccd3f58e1fdff5a00676f106ae5e51c9bfc1f89b49ac0de5a029b3ec3acc900255649649526692b8b8d0524325c808bec9fcbe500a7ab9e44e8f15a61c6b7196602d28f049bdf062f0dc1b7bffded75e5ed8a4a74588ffbe94f7e126d45088c7c8dea6848b6de0c41b1fde1673a78ab4beabec4c586f2a9965ea68789cff6d972d87693174a656526131f472942a4e7dcc37079ee0e56fcb2a087051e070e1e5c57814626ed68aa1327060e588fc362d5e775832efc3a89cd62b392d0b8a5e3c49b11f8eeed7e121c8aad9919ca6523336c7dc5e67e6e57294cb9bcec42083c7fe786370eeba9385e7059c13913019f9f99c740a6c4efb392e1b9619db2cef847a8b085e95a2c164bb4ef9e56d094e830528d310791453778d825fa42ec8bcec2fefbdf82f0d217e6496c682834f46c28b6f2663d04eeb0c064a705469e34905d7aa212aeb0f7136cb96e931eec6c3b342c08518895af78e1ca535e383f108619971e503b283c84c497e41c507c15b629da06a36c93d90c034303f45e2b684a74d8cf0d89402944fc1310f64e491125d6cd33d8cf9f0a45bd1bf76c65ccb0a89c47a1dd6781e95d7a98733011cf4bc7319602946c3443e876334c3f520ee7d9766e263efc3c1a898f79bdc8c159e6f1c230e10c81d3cd828499a024be24e781e82d52b729a3c50c365b29d858dd544b684a74087a07441791beb8c4a22c192ffd6f18cefe62362a38f46cb817f77d3698b85b0f13e521f64ea2aad4088d350670586d4c1091382bdf6a22f10d32cf8728c557f2fc2c8c8deb60d61302b7cf10e7f59428cf1793cad869406b684a74a7df7f5f7ec59c06f372d9708a45a5a79e9a89131cfa151bf358a30edc8f910c41c139aa746031e9a1b2220cf5759138abb03131b2f5e67d26f27abc9b27eeb772300c73cf2c80db5542c2f331d1a5121eb2d13e0015e53aaad761cf642da1394f874512fdd74f43d8b7345254825ff8ebdff52f111cd5cb86c270c70b5205beaa222638b36511ea58115b576d60222b89b3faba3054d9432448f47a58df530a0f8bdae963fe25c20bf8e2737f1639cfc7ab0b5a4353a2e345ab12fc4253d96f5e8950fe0d05810103171c826d1915a392f0fc0bb12fdf6a65c2b3865954c9c491c4507c28c8da2a13d45c6781a18f59e38457fd0b2fabd745c033871e54bafd615d807e004aa3e5217bd26b5aef68ced3e5022f565170f8d58e31819c6186824301a2d531e1ed66f5bde0027bc308fb6375ac32b369896da83491f8aaec8be4f5eaffd40c332cf2e5c2435147de09304fb7086e0f139becedf411539c21dce3690d4d890e1bf5b3e564afd4e317bd0fa263c218d9ac237b83094f090a6feb8fe660c1c98ae440983c54c86b6595fe12798b78507cdceb613d6fee63260a4ca57ec700a56ffac1e3d1819f0514b82f149e92453f97a836d19ca70bca6d97e940b10c1e0bc77939f796980723e1c911280785d7f4efb3e09a08836b16609e1dc7cf749b4978e8f15a6f2e83c956693b149e850515e83951c05e9ff415cce3ce8a044d894e59ff199f94520f8b7ec31243267ae5362706fa35d75633584b4c51f3ed32c3993f2b953690c13a5ed90f920b2f99f8b8f0ac9630845a4d80474469a3850783e4edb098e5753b7e6e4ad07b6bad5ea729d16d6cde445f120e07745457820f967e898ba10809c5200710f875fa58d1ca319706a0ae3642895ff74d8625c2dbc8a2da64c24352090f038ff20e3360e1cf73c03a67245a4f446f9758c482b14e7e215d9796d094e870b43dc71fb051bd0b41a171cb04a64630d18be911b4c09f9490f0627e916dc38487c9de6c85678c58c15e2bdd6aeeedac8bd2b96011cbe1e7c77f2c3a8387fa052aaf4b0b684a7498d7c22fc9e3f3c0a251ea759b4c687e9f1415f23489bf25961231877554f9e786a90f14dea94f5b618ead47431a58bd2c95f01261ce0eec1500d3f2fb4494c2430c212b040c3856439b684a742d34a80645259555a108f6f960f5a760499ca5c2512a09145b1c2a2ca6a8a1f0aa6f35433f139e126c654826bcc4ba99c516a22236910590ea75883267e7f1d7d00f885f078ea1d0129a121d823d6fb1388a2cda406fae9497a6c77c31e6a24aca62e2305b2264243ee6f5b8f0129bb71285b7e065457982f046cf07c9b366039e370edac6ebc0ebc1cea85a4253a2c3812cd8408ec3fe9040a815e683cada580c2b8b2639d60c55bd44e18da4111e267c51783eb685320d327251ea3440c539b34547429776e609174bbcd47487e76d2b2ba5ebc0ebd1da0c019af374d8403ee772d3eba07133fdcf0406069cd07cec96605d8c5b45457ae1f13a9e73c410178da2f0d04cfd52a48c4104b64a040c92e83068d119e22b83fcbcf13af8e0222da139d1614e8bd2262cf2c3b443d8cbdb1ce2b1ee8c257f31616b3f174b2a2756ec39283c4cf626131e82c2c374ca843b006e97212a3cecc059f93b1f79397e365e4535cdac97cec5269f92a37e0b78e617e83a70249bd6d09ce830a785035a68c24216011accd250c3446aaed35334c953189b5ef1827341077e7dacacc5d2d150a28b3365bb6ac39d56129e12f49ad67f9927e1614f12ecb8397ac44fde8d7726c08e9e08a6673068d19bfdb45f890a5888b444d3255a9c7c4773a26b912358f7cc0c458058290f46427186345c65a0115cca842d7a3b4cd80616c330eb8b157906f362d4782b43ada384d2208d1f2f81f1fb50b652cf14344c20d7ffd33c75da5cb81286e69716a2ebd046764715c6ea6c8b60d6495d9b2ce6799867f539aba506e666672988e0d7a32534273a1e4c607d08bb068dce5f03419d178cba92a89559a59488e333f15eaa9e793bbd93459f72c33e0604c9f27c283cb44a7b18aa6c2628bfd318151e079bcc5078a587bd54ac729b6dd0478b56accf21184460d1eaf3974159d3edb4cce9746a32884034273a0427c3c179431643e35051bd8b5a0492d1d6668429b94d9453fe0aabf87b23e4ed3020c0e89747a1264b30ce5028283cec3f87c2eb67c2530a0c3b09a0293973abe4e52a5911adb7b07a9e552ab2b11b939ffd38e6fdbba8196f6a7a9aae438b68527438fb928b790a4c39b8838dcc6b3582de181be780a0b7c386f86d076c54c472b00748e5cfe7607c3842de2eb1a3a512148aa352120d17de7b091e4fc9d9dbf4e06c0a82a52c00a5060b94b3e2bfc21e90038839763e1bc1587e1db8dc4eaa976aadcd95a349d1e1745f01bf9f8ad8c5450b38e1061604f006ac18ac1a4f9168f889ca386f87c2ab7b6a06864f7928efc6870fa61ad380a241e19539fc507abd216e5f9cf32c7838b5dd0256a311cc46698c056dcfc259de5973d1f071b0da6c541f45b65f7b2dfdd71a9a141d4ec1d0ba650b5c1c1c84c5a08ba66a58f09693b7531acfbd61318b23bf7824cbedaa2e1f8d5b7df7bd10090f53205c784a43c6460d30f5bd10b43cb14045ab9271568f7b6b9f85d5dd242f575e260bd4a267f5b67074d4bfbef41ef07926693e3b9cb358b3f3d769695a092538d9e18f9f7f1eda77b7d3fbab4bfe19aa2bcfb17a1ec68ff14ccffaa9fed6d717840ae6e112bf6a4c35cfb796509fb892e60834b6c4da6ffd27001c6f7841c7ea6eb8e744c1a187e382b3db23b0c1ae87da4a3315ab0e8734d98e0dc2e00e5d0fa1eaa3303a728ea6a0bdfbee4faedb593b8b6a2e93441effea57a1caee800db52db0c1740a3e58fb0c5b5a21ad54806da518a962518a2d0a9e1fcfd1c8ad44a4768e185c60987f5b2a65a09e29639b242f964a70d8acaaf3866152f73dd0577e1a4e9d3c06e7ce9e5b7733352929aab94c12b961e70d34eb5124324b53724dcf6c8dcbb971abac0a45d31f8ec645a839504ec30771408d12f4804ae309df44c10db180e1b5276c30b3594762e3826ba867c57982e01097bf9904e7740ed10ca13831a296d1b4a7c3a9c31e7ffc719ae7b7aebe159a2ace91b7339893378d616a04eb6dd892e065de6f66560f33932c3a7dc34f3d51b06380b29d961361753617d349b0de08533b621e120306acbf212838acc3250a0e99f21d26d19d39f3063d75e72fbff4c5755d9f2beae215c149127ff7eaab34bf2f369e7fb8fa5fa1bee1328d7b558229110e060b1838f8234112df5c200073d90f34239462436a1d52d0a0141c4e0f3b3eba19c27527c8cb1d7bed353ac7f5fed093a22e5e917befbd97fe8f8f8ed28c9783f39fa0096c1065a217d316dc3005d2d010a6a2b0ae3148f5b046878984948db53699496c6828b68d8dcc43564a5de0517066161aa385bd0658b41ca49942f1d962985bbcebaebbe8dcb48ce63d1d82deee37478fc2f6eddba998dd55f30c6cfcc03b6c8da236863992047cb3d2f53be5fe790bbee4bd4f12c16214f36fc93c1b07bb4b5d1ebe098c579d8091e177e095977f035897fbd43df7c85bac5f8abe7845b06ef717acc8aab4db6906f38a320f7c62cb61b05526cc219264964cc42df751f2cb6354d381424392890d85c6999d318133f2323be87514b19e3a79120e3ef698267273455fbc22f8457ef6739f83febe3e9a4a3fa26f81be99fbd99a39a604f68f592ac12155160b89088bc84cc647915131cac44626770455e2f67c092cf68f505e0e05870f34d16a323891a2101d82cfe6dac18ad7fe0b17682afdfec95be0f2a50f41a97e69f318a2b7f8e30c4594ce502f6851a1a5101b82c5aaa9f169704ff7d1f4667687036ebb5dea5d520c148de8107c260332363a42d3e7bf3ddb09d3eeb294c253c22bffa98cb6b1c484964c6c887bbc1c16cbbe4f73229f39db0b17ce9f874f7eea53f2dae2a0a844877dd31e7ce82138dddb4b91a24e57016f5fea84051627247ab6acd1b3fa1ab70ce0b361c7c3cf81b5ea46181a7c8f8ad55befb843538f68ca86a2121d82d1e1be7dfba08fd5efb0a52252b60bdeb9f4303545293142386adc9325051f56c72c9567e36097bc51ef37a0bee59314ad9e6482dbb8691315fbc546d1890ef9cac18314c962d186b33c056cf7318f771f098f0b8da337a7bf4554a4ca0f1a4ec7f0e417a0faeabf81d1e13eea8c809e96e7108b8da2141df2ad6f7d0b7c3e1f757f32187c306fbc9f84a7241bc165c3c5e12f80edaa674870af1f7f9d1ec3f9a52f7fb968a2d5448a567458bfc3c0023b0460ff359c363f5cf17978ffdc43b43e93e0b2018b542e388c54df7dfb143d70f86e16386871ec43b614ade810fce2b19d1385808fe7a4f943ec8fc1e92b5f81809bd5e55278b26c8a540c1a869d7f1b27b893a74ec2671f7e981e9657cc14458b4426b08e75e4673fa3ae5038be02e74109cc1e87ab1d5f83fa463e696bf6605ac4094f83adfe110a1afacf9e23c1dd7bfffd452138d10c9625f81cff175f7c81ba89efb8f65a9ac066de33062de55f83da9a373346a71c4cfc621e0ed322283814347ad262f270427439804f517cfeb91fb0a2d34c8f392fb349f5aef0dc0f61eb5587a0a23275918ac5e9e8fc7ed057ff3dbdc73c1ca645304afdfc238f14552e4e886e1960af141c02f8a19dd7435d5d1d8db80fcebd070ed3f7a1a6fae538af87c1c2c4e44d102a7d9a1aefb15f1c76533a71fc38356f3df0e08345173408d12d93d77eff7bf8edabaf5202178b5b7b95f4607f9dff3418c3ff0726fd6508843742507f1784cd37d3ba89890bf448254c89ec649e520bdd949683105d1e0c0c0cc00bbffc25cd29c2bd1e829e4f89db7d998a661c5083ace7915c2b8110dd0ac0bd1e169738d5033e7fcc62b582cfeba5160d4c30e333f78bd9bb2911a25b21b023684f4f0f2592710a2f25cdcdcdd0ded151d4095f25427402d5c9a49da26e91101406213a81ea08d1095447884ea03a427402d511a213a88e109d407584e804aa234427501d213a81ea08d1095447884ea03a427402d55925d1f5c3e10e1df536d0751c66ef1251acdf7f74e9b2a49f590d0a714c25853e7e61109e4ea03a6b48749be1d1e311ea871539fe287ba7068538a692421fbf30ac21d1a52f6a8eee97d7718b16cb31fa0f77c8eb3be0f0d1c3d011dd9ebd4f5a76e57fcc7464fe7c2ec797ae21b66c3f24ee2de77b14b7bfd8b2d5661d14af47613fbb217bbbe4b79caebdec262dbdf1123d7060ef01f657a6fd5ed897931b59ce3195e4fb79498cf19f67d7d4d6014f9e96dfc6b1cc7bd496fc18ab2dbcd5175dcf0168a35f91d2dae0405411e939ba7f2f48f7a513bab11822eb66ef902e7832d51d6a3f047d7cfb1c8bae651f5326dfcfc3d1efc4ee4f67b7fcf9087477f6404f92fbb6fce3c5b6ef3b243d430d8577e4d7abac3a76c0a4a45995057d11760db48f8cd6c92e3bf133ed87d83ba43bc26e1c2d6b3f242de1b09b24efa3936d95b80c22d1dda625ff632e2597cf273b3edb43a7bc6cc97162fb8ead5ba17bd47728c26427adcbeee6a504f7918eb55dbcf69f075e9af41c688bf3966d5157701ace2ff961b6c3f636f965ae2cfb9832f97e9e15ade7f90edab743fc65ec81bb99c2e258a97bb4790bec905fae36ab2f3a653117b53e887af374f4f5c6ea656a91ef31f33ee73ee8e53bd8b12573b5a010f7284fd6b6a76bdbce7e8f12cce3270897db71787425730df91e33ef736e83ed7c07a7cf2f89689750887b94276b5b740a97dff562e6986f45c8f798799ff366d8c277d0d3cbfc9e92a3f0625cb4c928c43dca93b52d3a651d8685ffb1b4939422a0bacb8a371fe57bccfccf794f6c07b057916b8b45a94a0a718ff2638d8b8eddd26779e88ff754be893a7ef3dbe1d08f563e939fef31f33ee73d8fc5eabc946b93f6b1b7ab1ddaf9720585b847f9b0e645c76e293c9b2cf0a00065b5ea2af91e33dfcf4bcd63dd5c4904e6d48ec33779591a4721ee511eb08a6652d2acd2108a3c599eb929b588e6f01479bdb54626edac034fb79a28d2136b08657b6887b235a1ff303cc92b75d9a453d62ab2f896906695268865fd254bcce61794eeceb8735b6aed91b574ba89e039a6a3483d9d22eb8f7476c3f1b554f1d9f32cfbd662c1411c6bb59e9603627e3ac18a93493b455ea7131402213a81ea08d1095467dd892e5997ec745db8d523f7915d4bcf3bf77dac47d697e88eee5fd225bb7dd91de70485625d89ae3fd6bb110ef549dd76d654aa236f8a6374d8da105dbf72e416b7f801225814c57ac24a834a928f5e52f4ae404b534c252baa5391cbb6c988ff7caac12fc98bd7e58ee04ab65d6c5901ab22ec57959434ab5696b4d9f758e63db10541b93ef93aa5a51b6b9068cbdd36f97887b8e5298def27f93e94e31a925b620b45aa63b647daa3cb13af73e5c0fda7a3c0a24bd1e0ae1824a26c9e8addfcf89b1c273ae517ae14b462ffb1ed95373ef90097ecb74d21ba8ce780968be862e7a15c1ed78c97d331571edc7f3a0a2cbaa52cf9552b6e5a66d125fee295ebf84dce65f4542edb26174c72d1224a0f9a7e1fca7ba2fc6db215494770e576cc9507f79f8e3550a753d46398c5ea6dcb61076c49a87db7c5061c4823a272193db59223bb3aef863df24b892423bb3292cd08ae1c47931580028b0e05173ff09afd60d9cf244563772696dce424e4327a6a254776a9468ea3c90a406145d7ff6b3822df20567ca14f8667e3dd416e2c19c892845c464fa93db26b4528c43173a3b0a25378921dca725151ace596fced82c401517db19fbd54f4e6327a4aed915d2b42218e991b85159dc293743dc9f352acc8fdf3d8e4373dbd197d571c5d7b15f927650b46b44e95cbe829b54776ad0c8538664eb02222296956ad208a682d9529a2b2ccd16b2a4b17c5255a62049cedb62952268ceccf2f53f49ae6dc14f729f57d5d1b79ba020712d8ec93388a496ae262375a7adbf562cc736504474c250421d4d3f659d9cb7172193d95ff48ab3dcf268eec6267caea8889cb568e5c4793a98be8395c646033185539f047b34aedbb99b453604f27580d946dae6b713499f0745a840550ba25d3722ac12accea0dee119eae1859e3a3c984a713ac38c2d309d61c427402d511a213a88e109d407584e804aa234427501d213a81ea08d1095447884ea03a427402d511a213a84edab6578160b9a46b7b4d293a8160b510c5ab407584e804aa234427501d213a81ea08d1095447884ea03a4274029501f87f4ec6886fad2e23e90000000049454e44ae426082, 'width=\"157\" height=\"158\"', '', 'imageNotFound.png');

-- --------------------------------------------------------

--
-- Table structure for table `bestelling`
--

CREATE TABLE `bestelling` (
  `bestelnummer` int(10) NOT NULL,
  `klantnummer` int(6) NOT NULL,
  `besteldatum` timestamp NOT NULL DEFAULT current_timestamp(),
  `status` enum('open','betaald','verzonden') DEFAULT 'open',
  `totaalprijs` decimal(5,2) DEFAULT NULL
) ENGINE=InnoDB DEFAULT CHARSET=latin1;

--
-- Dumping data for table `bestelling`
--

INSERT INTO `bestelling` (`bestelnummer`, `klantnummer`, `besteldatum`, `status`, `totaalprijs`) VALUES
(1, 6, '2013-12-03 09:02:39', 'open', NULL),
(2, 6, '2013-12-03 09:14:44', 'open', NULL),
(3, 6, '2013-12-04 14:33:28', 'open', NULL),
(4, 6, '2013-12-04 20:27:48', 'open', NULL),
(5, 1, '2013-12-05 15:43:21', 'open', NULL),
(6, 1, '2013-12-05 15:44:06', 'open', NULL),
(7, 1, '2013-12-05 15:44:45', 'open', NULL);

-- --------------------------------------------------------

--
-- Table structure for table `bestelregel`
--

CREATE TABLE `bestelregel` (
  `bestelnummer` int(10) NOT NULL,
  `productnummer` int(10) NOT NULL,
  `productprijs` decimal(5,2) NOT NULL,
  `aantal_besteld` int(3) NOT NULL
) ENGINE=InnoDB DEFAULT CHARSET=latin1;

--
-- Dumping data for table `bestelregel`
--

INSERT INTO `bestelregel` (`bestelnummer`, `productnummer`, `productprijs`, `aantal_besteld`) VALUES
(1, 111, '0.00', 13),
(2, 111, '0.00', 3),
(2, 333, '0.00', 2),
(2, 444, '0.00', 1),
(3, 111, '0.00', 1),
(4, 111, '0.00', 2),
(4, 444, '0.00', 1),
(5, 444, '0.00', 1),
(5, 888, '0.00', 1),
(6, 111, '0.00', 1),
(6, 666, '0.00', 1),
(7, 111, '0.00', 1);

-- --------------------------------------------------------

--
-- Table structure for table `klant`
--

CREATE TABLE `klant` (
  `klantnr` int(10) UNSIGNED NOT NULL,
  `naam` varchar(50) NOT NULL,
  `adres` varchar(40) NOT NULL,
  `postcode` varchar(7) NOT NULL,
  `plaats` varchar(40) NOT NULL,
  `emailadres` varchar(60) NOT NULL,
  `password` char(40) NOT NULL
) ENGINE=InnoDB DEFAULT CHARSET=latin1;

--
-- Dumping data for table `klant`
--

INSERT INTO `klant` (`klantnr`, `naam`, `adres`, `postcode`, `plaats`, `emailadres`, `password`) VALUES
(1, 'Marieke Dillenburg', 'Koningsweg 34', '2351GF', 'Durgerdam', 'm.dillenburg@mail.nl', 'e727d1464ae12436e899a726da5b2f11d8381b26'),
(2, 'Mark Dijkman', 'Koningsweg 34', '2351GF', 'Durgerdam', 'mark.dijkman@mail.nl', 'e727d1464ae12436e899a726da5b2f11d8381b26'),
(3, 'Sjaak van Dam', 'Koningsweg 34', '2351GF', 'Durgerdam', 'svd@mail.nl', 'e727d1464ae12436e899a726da5b2f11d8381b26'),
(6, 'Test', 'testtest 56', '1234rt', 'Testtest', 'test@test.nl', '$1$U5..Nm1.$PI53paWWH8iLytKSqsTMm1');

-- --------------------------------------------------------

--
-- Table structure for table `product`
--

CREATE TABLE `product` (
  `productnummer` int(10) NOT NULL,
  `productnaam` varchar(30) NOT NULL,
  `prijs` decimal(5,2) NOT NULL,
  `beschrijving` varchar(9999) NOT NULL,
  `leverbaar` enum('ja','nee') DEFAULT NULL,
  `voorraad` int(5) DEFAULT NULL
) ENGINE=InnoDB DEFAULT CHARSET=latin1;

--
-- Dumping data for table `product`
--

INSERT INTO `product` (`productnummer`, `productnaam`, `prijs`, `beschrijving`, `leverbaar`, `voorraad`) VALUES
(111, 'Telefoon 1', '299.95', 'Hier de beschrijving van dit product.', 'ja', 12),
(222, 'Telefoon 2', '399.95', 'Hier de beschrijving van dit product.', 'ja', 24),
(333, 'Telefoon 3', '249.95', 'Hier de beschrijving van dit product.', 'ja', 124),
(444, 'Telefoon 4', '89.95', 'Hier de beschrijving van dit product.', 'nee', 14),
(555, 'Telefoon 5', '189.95', 'Hier de beschrijving van dit product.', 'ja', 11),
(666, 'Telefoon 6', '289.95', 'Hier de beschrijving van dit product.', 'ja', 34),
(777, 'Telefoon 7', '249.95', 'Hier de beschrijving van dit product.', 'ja', 23),
(888, 'Telefoon 8', '529.95', 'Hier de beschrijving van dit product.', 'ja', 56),
(999, 'Telefoon 9', '339.95', 'Hier de beschrijving van dit product.', 'nee', 2);

-- --------------------------------------------------------

--
-- Table structure for table `product_afbeelding`
--

CREATE TABLE `product_afbeelding` (
  `productnummer` int(10) NOT NULL,
  `image_id` tinyint(3) NOT NULL
) ENGINE=InnoDB DEFAULT CHARSET=latin1;

--
-- Dumping data for table `product_afbeelding`
--

INSERT INTO `product_afbeelding` (`productnummer`, `image_id`) VALUES
(111, 1),
(111, 2),
(111, 3),
(222, 2),
(222, 3),
(222, 8),
(333, 3),
(333, 8),
(444, 2),
(444, 5),
(444, 7),
(555, 6),
(666, 5),
(777, 7),
(888, 8),
(999, 2);

--
-- Indexes for dumped tables
--

--
-- Indexes for table `afbeelding`
--
ALTER TABLE `afbeelding`
  ADD KEY `image_id` (`image_id`);

--
-- Indexes for table `bestelling`
--
ALTER TABLE `bestelling`
  ADD PRIMARY KEY (`bestelnummer`,`klantnummer`);

--
-- Indexes for table `bestelregel`
--
ALTER TABLE `bestelregel`
  ADD PRIMARY KEY (`bestelnummer`,`productnummer`);

--
-- Indexes for table `klant`
--
ALTER TABLE `klant`
  ADD PRIMARY KEY (`emailadres`),
  ADD KEY `klantnr` (`klantnr`);

--
-- Indexes for table `product`
--
ALTER TABLE `product`
  ADD PRIMARY KEY (`productnummer`);

--
-- Indexes for table `product_afbeelding`
--
ALTER TABLE `product_afbeelding`
  ADD PRIMARY KEY (`productnummer`,`image_id`),
  ADD KEY `fk_afbeelding` (`image_id`);

--
-- AUTO_INCREMENT for dumped tables
--

--
-- AUTO_INCREMENT for table `afbeelding`
--
ALTER TABLE `afbeelding`
  MODIFY `image_id` tinyint(3) NOT NULL AUTO_INCREMENT, AUTO_INCREMENT=28;

--
-- AUTO_INCREMENT for table `bestelling`
--
ALTER TABLE `bestelling`
  MODIFY `bestelnummer` int(10) NOT NULL AUTO_INCREMENT, AUTO_INCREMENT=8;

--
-- AUTO_INCREMENT for table `klant`
--
ALTER TABLE `klant`
  MODIFY `klantnr` int(10) UNSIGNED NOT NULL AUTO_INCREMENT, AUTO_INCREMENT=7;

--
-- Constraints for dumped tables
--

--
-- Constraints for table `product_afbeelding`
--
ALTER TABLE `product_afbeelding`
  ADD CONSTRAINT `product_afbeelding_ibfk_1` FOREIGN KEY (`image_id`) REFERENCES `afbeelding` (`image_id`) ON UPDATE CASCADE;
COMMIT;

/*!40101 SET CHARACTER_SET_CLIENT=@OLD_CHARACTER_SET_CLIENT */;
/*!40101 SET CHARACTER_SET_RESULTS=@OLD_CHARACTER_SET_RESULTS */;
/*!40101 SET COLLATION_CONNECTION=@OLD_COLLATION_CONNECTION */;
